Iteration,fy_speed_1,fy_dir_x,fy_dir_y,dt1,cv1,dt2_int,cv2,dt3_int,cv3,Actual_dt2,Actual_dt3,Obscured_Duration
Evaluation,120,-1,0,1.5,3.6,1.0,5,1.0,5,2.5,3.5,2.7549999999999635
Evaluation,125.75800908021631,-0.6331304202676724,0.7796910002727695,22.660935970377214,4.513744253250553,1.3998996632720115,4.646564030462086,2.334834444556088,1.514381497427214,24.060835633649226,26.395670078205313,0.0
Invalid,115.56219310641971,-0.8871768419457995,0.7219987722668249,35.577292400795365,0.10770978182604186,4.968846237164871,6.213066945314394,3.446612641953124,0.16995642167520236,40.54613863796023,43.99275127991336,N/A (Invalid Actual Drop Time)
Evaluation,71.61436975289911,0.04954932051677852,0.3998609717152556,1.8639620694746633,9.740179636530447,1.9310853617212171,0.997003701874926,3.4735440373323496,3.8863737135449123,3.79504743119588,7.26859146852823,0.0
Evaluation,138.8261620064752,-0.06647421350403993,0.8599404067363208,25.815624958618077,4.559942594498477,1.0530598446394661,9.427797381280044,3.2531528713821576,3.9156233751451706,26.868684803257544,30.1218376746397,0.0
Evaluation,71.117637655415,-0.5382123487557019,0.24102546602601177,25.927361011602326,6.138966912047948,4.332779646944658,1.816310069726944,2.5642424302929636,1.9041372691018175,30.260140658546984,32.824383088839944,0.0
Evaluation,122.8752987222357,-0.14968825101751038,0.20794166286818888,21.55907239159568,0.4100015953100301,4.3691390983799945,4.5525659203606805,2.580600944007258,9.273922771358565,25.928211489975673,28.508812433982932,0.0
Evaluation,120.90903970994947,-0.34691846238832913,0.5704439744053995,19.787535028976137,9.61560304105856,4.378135394712606,7.4984690903600715,3.1587685295563195,5.908836540072098,24.165670423688745,27.324438953245064,0.0
Evaluation,137.56787150848967,0.21406849537336958,0.2759991820225434,11.299138515614315,1.736142696723725,1.0625456269647757,4.2916746589930606,2.5795260727022793,3.005532929708578,12.36168414257909,14.94121021528137,0.0
Evaluation,70.98558759005591,-0.6023151918223896,0.7113419527486501,29.96863543207958,6.099003750332014,4.705203514053396,6.545662552469251,4.659838702175124,8.515381920119015,34.673838946132975,39.3336776483081,0.0
Evaluation,101.46154718967425,-0.8091797670191774,0.3708182521982664,25.38219935068436,6.692631330513218,3.365191150830909,2.819745750601636,3.244973703390805,3.8909760600625205,28.74739050151527,31.992364204906075,0.0
Invalid,96.12149188809617,-0.13801302129384907,0.08146944643126625,35.06572873846704,7.8802932570080255,3.3654927056923296,0.7216040872895141,3.6213475530479293,8.308690899390928,38.43122144415937,42.0525689972073,N/A (Invalid Actual Drop Time)
Evaluation,140.0,-1.0,1.0,28.61661275807607,0.1,1.0,10.0,5.0,10.0,29.61661275807607,34.61661275807607,0.0
Evaluation,140.0,-1.0,0.0,7.225542662781956,0.1,1.0,10.0,1.0,10.0,8.225542662781956,9.225542662781956,0.0
Evaluation,70.0,1.0,0.0,15.303960074255329,0.1,5.0,0.1,1.0,10.0,20.30396007425533,21.30396007425533,0.0
Evaluation,140.0,-1.0,0.0,4.861333047920053,0.1,1.0,10.0,1.0,0.1,5.861333047920053,6.861333047920053,0.0
Evaluation,140.0,-1.0,1.0,17.377117294458493,0.1,1.0,10.0,5.0,0.1,18.377117294458493,23.377117294458493,0.0
Evaluation,70.0,1.0,1.0,9.331753834951837,10.0,5.0,9.97546780531417,4.987668641087585,0.1,14.331753834951837,19.31942247603942,0.0
Evaluation,70.0,1.0,1.0,0.1,10.0,5.0,0.1,5.0,0.1,5.1,10.1,0.0
Evaluation,70.0,-1.0,1.0,13.316997813214694,10.0,5.0,10.0,5.0,0.1,18.316997813214694,23.316997813214694,0.0
Evaluation,70.0,1.0,0.9201703347086412,29.354979829741723,10.0,5.0,10.0,1.0,0.1,34.35497982974172,35.35497982974172,0.0
Evaluation,140.0,-1.0,0.0,3.4242456145136404,0.1,1.0,10.0,1.0,10.0,4.424245614513641,5.424245614513641,0.0
Evaluation,140.0,-1.0,0.0,29.51867457988723,0.1,1.0,0.1,5.0,10.0,30.51867457988723,35.51867457988723,0.0
Evaluation,70.0,1.0,0.0,18.49740392154932,9.70201686315457,5.0,0.1,1.2282887783366818,10.0,23.49740392154932,24.725692699886004,0.0
Evaluation,114.48308713761189,-0.570263737810456,0.5766573015417458,28.384253208160093,9.811708362460607,4.518990519320226,4.313861264812642,2.849754986979603,4.736537088034254,32.903243727480316,35.75299871445992,0.0
Evaluation,132.59233466788646,-0.16384509156365945,0.5259494185487901,24.24259388157601,4.552826243560645,4.8515670758648834,7.913068502070479,2.3254995460340764,9.854007810445227,29.09416095744089,31.41966050347497,0.0
Evaluation,89.51541799399364,0.019140407682086025,0.7429520847193684,15.84997615899324,3.462004196650685,1.246793712586497,7.574713694864332,2.778535517421975,0.35172212038419637,17.09676987157974,19.875305389001714,0.0
Evaluation,70.0,1.0,1.0,6.09917965026082,10.0,5.0,0.1,5.0,10.0,11.099179650260819,16.09917965026082,0.0
Evaluation,70.0,-1.0,1.0,27.26174651126495,10.0,5.0,10.0,5.0,10.0,32.261746511264946,37.261746511264946,0.0
Evaluation,70.96846480201505,1.0,1.0,8.228874834784204,0.3352361350895192,5.0,0.1,5.0,10.0,13.228874834784204,18.228874834784204,0.0
Evaluation,110.84506737619554,0.1220644706941989,0.3876313085849405,3.60574925517689,3.6702235672768206,1.3867237105429076,2.5969132167833013,2.6646571309703266,6.43538073243394,4.992472965719798,7.657130096690125,0.0
Evaluation,140.0,-1.0,1.0,14.406723935068351,10.0,1.0,0.2605982385130936,5.0,0.48592356462669595,15.406723935068351,20.40672393506835,0.0
Evaluation,140.0,0.9204286342131169,0.0,12.362628696716264,10.0,1.0,0.1,1.0,10.0,13.362628696716264,14.362628696716264,0.0
Evaluation,140.0,-1.0,0.0,10.166558403653418,0.1,5.0,0.1,1.0,10.0,15.166558403653418,16.16655840365342,0.0
Evaluation,70.0,-1.0,1.0,29.602119134474627,10.0,5.0,10.0,5.0,10.0,34.60211913447463,39.60211913447463,0.0
Evaluation,70.0,1.0,1.0,20.67977401696426,0.1,1.0,0.1,1.0,0.1,21.67977401696426,22.67977401696426,0.0
Evaluation,75.85647691244382,0.4968140249914752,0.7045806017243122,26.15881349898684,9.262415651012788,4.238411374928093,2.701723446617896,3.9287105490299608,9.324033064091882,30.397224873914936,34.325935422944895,0.0
Evaluation,81.89268276679852,-0.7191253367784316,0.8419448012422397,3.9663410035922335,8.708567401569596,1.913182529817123,1.149281067357102,1.8064855213464441,1.2025225823291084,5.8795235334093565,7.6860090547558,0.0
Evaluation,70.0,1.0,1.0,27.83485886169172,0.1,1.036957390675187,0.1,5.0,0.3382280553703958,28.87181625236691,33.87181625236691,0.0
Evaluation,140.0,1.0,0.01937021198569168,16.717416692968026,10.0,5.0,0.1,1.0,10.0,21.717416692968026,22.717416692968026,0.0
Evaluation,70.0,1.0,1.0,0.8367765909986341,10.0,5.0,10.0,5.0,10.0,5.836776590998634,10.836776590998635,0.0
Evaluation,140.0,-1.0,0.0,8.615732631569538,10.0,1.0,0.1,1.0,0.1,9.615732631569538,10.615732631569538,0.0
Evaluation,137.51223440099795,1.0,0.03340746034993595,29.765224596721346,0.1,5.0,10.0,1.5806481613395187,0.4680015094384161,34.765224596721346,36.345872758060864,0.0
Evaluation,135.5632838163591,1.0,0.0,13.794611227623228,0.1,1.0,10.0,1.0,10.0,14.794611227623228,15.794611227623228,0.0
Evaluation,140.0,1.0,1.0,19.206746129602326,0.1,1.0,0.1,1.0,0.47504257127679783,20.206746129602326,21.206746129602326,0.0
Evaluation,140.0,1.0,1.0,2.6243601360243747,0.1,5.0,10.0,1.0,0.1,7.624360136024375,8.624360136024375,0.0
Evaluation,70.0,1.0,0.0,23.382300266754157,0.20088353340375226,4.953888156416082,10.0,4.846110598663509,10.0,28.33618842317024,33.18229902183375,0.0
Evaluation,70.0,1.0,1.0,10.570917947510498,10.0,1.0,10.0,5.0,10.0,11.570917947510498,16.570917947510498,0.0
Evaluation,70.0,-1.0,1.0,29.759511473259842,0.1,1.0,0.1,1.0,0.1,30.759511473259842,31.759511473259842,0.0
Evaluation,140.0,-0.15552256442002943,2.8152122773004056e-09,0.1,0.1,5.0,9.99999995706249,1.0,10.0,5.1,6.1,2.114999999999977
Evaluation,70.0,-1.0,1.0,11.897416228760418,3.0428516903483667,5.0,10.0,1.0,10.0,16.89741622876042,17.89741622876042,0.0
Evaluation,140.0,1.0,1.0,7.486170204107968,10.0,5.0,0.1,5.0,0.1,12.486170204107967,17.486170204107967,0.0
Evaluation,140.0,1.0,0.0,26.80700867299286,0.1,1.0,0.1,1.0,0.1,27.80700867299286,28.80700867299286,0.0
Evaluation,70.0,1.0,1.0,21.828065788972108,10.0,1.0,10.0,5.0,0.1,22.828065788972108,27.828065788972108,0.0
Evaluation,93.62055894211764,-0.2190085531902668,0.7536200014775676,11.325064157979991,1.9913348361532077,2.451458007362362,7.127319465470267,2.6037342880045764,5.145623684349148,13.776522165342353,16.38025645334693,0.0
Evaluation,140.0,-1.0,0.0,0.5472453610153691,10.0,1.0,0.1,5.0,0.1,1.5472453610153691,6.547245361015369,0.0
Evaluation,91.26679593845732,0.504125852450825,0.25854181867929554,18.8479732260925,9.050551662225216,4.54065471050192,9.586549707800613,1.503565308966408,0.5779010582895939,23.388627936594418,24.892193245560826,0.0
Evaluation,94.16146536044714,-0.49067061526793443,0.5456785023974209,25.82962763837987,9.36765017330535,4.870583464326293,0.9916741166008319,3.699733138698266,3.6543249345896336,30.700211102706163,34.39994424140443,0.0
Evaluation,140.0,1.0,0.0,4.36312366344668,10.0,5.0,10.0,5.0,10.0,9.363123663446679,14.363123663446679,0.0
Evaluation,70.0,1.0,0.0,29.756257254363963,10.0,1.0,0.1,5.0,10.0,30.756257254363963,35.75625725436396,0.0
Evaluation,140.0,1.0,1.0,6.540901673757067,0.1,1.0,10.0,5.0,0.1,7.540901673757067,12.540901673757066,0.0
Evaluation,82.53240006493327,-1.0,1.0,23.715527314264826,0.7130439824196046,1.0,0.1,1.0,0.1,24.715527314264826,25.715527314264826,0.0
Evaluation,140.0,-1.0,0.0,20.76388409274504,10.0,1.0,9.422818110351281,5.0,10.0,21.76388409274504,26.76388409274504,0.0
Evaluation,140.0,1.0,1.0,12.851106256928274,0.1,5.0,0.1,5.0,10.0,17.851106256928276,22.851106256928276,0.0
Evaluation,140.0,1.0,0.0,14.823156210203576,10.0,5.0,10.0,5.0,0.9206896049244708,19.823156210203578,24.823156210203578,0.0
Evaluation,70.0,-1.0,0.0,2.7945628072571216,0.1,5.0,0.1,5.0,10.0,7.794562807257122,12.794562807257122,0.0
Evaluation,140.0,-0.657962122701433,1.0,5.652062075984112,10.0,1.0,10.0,5.0,10.0,6.652062075984112,11.652062075984112,0.0
Evaluation,70.0,-1.0,0.0,16.2936629054967,0.1,5.0,10.0,5.0,10.0,21.2936629054967,26.2936629054967,0.0
Evaluation,70.0,-1.0,0.0,7.941079565957147,10.0,5.0,10.0,5.0,0.1,12.941079565957146,17.941079565957146,0.0
Evaluation,92.2822337960784,-0.14505109740242428,0.43355692515787186,4.615542188116238,2.728510854698977,3.3974384869208003,5.935736928801351,4.583994187250898,6.0345391286517716,8.012980675037038,12.596974862287937,0.0
Evaluation,70.0,-1.0,0.0,9.575355361277165,0.1,1.0,0.1,5.0,8.92771955579373,10.575355361277165,15.575355361277165,0.0
Evaluation,109.24066218641829,-0.7898198605642334,0.2767343636037834,31.722617170475242,4.059506930234866,1.8233953601259838,0.573907004624368,3.3308103183144153,5.164362849646644,33.546012530601224,36.87682284891564,0.0
Evaluation,140.0,-1.0,0.0,31.155637223392965,10.0,1.0,10.0,1.0,0.1,32.155637223392965,33.155637223392965,0.0
Evaluation,103.64540117477975,-0.7540018538701355,0.5231840321913653,19.118529599384992,9.916505288067075,4.749765269675381,3.357025972871682,4.163621692043732,9.686664995536491,23.86829486906037,28.031916561104104,0.0
Evaluation,87.9856103115865,-0.4526151678958904,0.7637724690951961,32.78128707839818,3.7375342420576807,3.8432921657602805,5.396994758295902,3.256010514446456,4.877643271313324,36.62457924415846,39.88058975860492,0.0
Evaluation,113.6408212465708,0.13005338200925332,0.6002311038936213,30.917745309551595,8.146645804545985,3.8292313305111674,7.206841063533586,1.3434824792911477,3.372147071698372,34.74697664006276,36.09045911935391,0.0
Evaluation,94.30719158654264,0.4305680426077756,0.06028808387593363,20.29756576998123,9.38922306170287,3.996762382873147,6.249489171530058,1.2206970469817546,4.26579785668696,24.294328152854376,25.51502519983613,0.0
Evaluation,131.585816005359,0.5584205760800396,0.47043793325858485,17.456054394851417,1.0899476913493362,4.7239793409527575,6.047436498046095,1.460176125228255,3.37016995285783,22.180033735804173,23.640209861032428,0.0
Evaluation,135.70571839314928,0.9609506753621606,0.5100922723641195,21.805277472185743,6.867788840152208,2.3084260425682217,4.290441754573351,2.890590889973118,7.212049395266083,24.113703514753965,27.004294404727084,0.0
Evaluation,125.11750182504785,-0.5077210558079944,0.9287448207412586,20.001313151466686,9.598646835799444,2.6736605968618763,9.552981179989569,2.995451798753334,1.5959609693494778,22.67497374832856,25.670425547081894,0.0
Evaluation,104.41357853801436,0.34352870276442493,0.4403146176473789,27.105628638483154,6.159144417994107,2.3953432746720154,3.0629696588436435,4.870037542593489,7.288701460729343,29.50097191315517,34.371009455748656,0.0
Invalid,107.17606527679132,0.30572399480468415,0.3307517077486311,35.065659825618624,7.929488724385949,3.869082362018657,7.270103279695978,1.9815710581468606,9.260756948496379,38.93474218763728,40.916313245784146,N/A (Invalid Actual Drop Time)
Evaluation,138.90881919708082,-1.0,0.02556105347974437,32.39663561003682,10.0,1.0870225869243517,10.0,1.0052289728594486,0.14282216850875012,33.483658196961166,34.488887169820615,0.0
Invalid,70.0,1.0,1.0,32.57137277796465,0.1,5.0,0.1,5.0,10.0,37.57137277796465,42.57137277796465,N/A (Invalid Actual Drop Time)
Evaluation,140.0,0.3508309935310654,0.0,29.735225543485978,0.1,1.0,10.0,5.0,8.963705200486032,30.735225543485978,35.73522554348598,0.0
Evaluation,132.42891693186425,-0.4980184211498956,0.0,32.25144305408946,9.00482989676832,4.994755773244837,10.0,1.0521198889038863,0.24042210854269108,37.2461988273343,38.298318716238185,0.0
Evaluation,140.0,0.010249154590808773,0.01477142179205096,8.282161113336535,0.1,1.0,0.1,1.0,10.0,9.282161113336535,10.282161113336535,0.0
Evaluation,70.0,-0.08987654553988,1.0,30.582780161435405,0.1,1.0,0.1,5.0,10.0,31.582780161435405,36.58278016143541,0.0
Evaluation,140.0,-0.007883169079967112,1.0,13.59034763839465,0.1,5.0,0.1,5.0,10.0,18.59034763839465,23.59034763839465,0.0
Evaluation,70.0,0.19191869448186138,0.0,6.551177671271288,8.553629183468647,5.0,4.1111551767627885,1.0,2.7392176340791328,11.551177671271288,12.551177671271288,0.0
Evaluation,70.0,-0.6697449553478358,1.0,32.59885823283338,0.1,1.0,0.1,5.0,10.0,33.59885823283338,38.59885823283338,0.0
Evaluation,140.0,-0.31650332502800194,0.9516813773915925,17.469796161842847,10.0,1.0937777533587965,0.4453632928230007,5.0,4.92091682461785,18.563573915201644,23.563573915201644,0.0
Evaluation,70.0,-0.03598239106428203,1.0,9.80418533839905,10.0,5.0,10.0,5.0,0.1,14.80418533839905,19.80418533839905,0.0
Evaluation,70.0,0.32956480332096927,1.0,22.929554151561423,10.0,1.0,10.0,5.0,0.1,23.929554151561423,28.929554151561423,0.0
Evaluation,70.0,0.4606736496866741,0.0,0.1,10.0,1.0,0.1,5.0,0.1,1.1,6.1,2.954999999999959
Evaluation,140.0,1.0,0.0,24.897785409870398,0.7371360911713519,1.0,0.1,5.0,0.1,25.897785409870398,30.897785409870398,0.0
Evaluation,130.08338534076998,0.6833544586417082,0.0,29.832931954303827,3.7663337162890516,4.835937698995865,0.1,1.8141011898750055,9.005193021992534,34.668869653299694,36.4829708431747,0.0
Evaluation,71.93719749729976,-0.4576859396716133,0.0,14.80754436236688,0.1,5.0,10.0,1.0,10.0,19.80754436236688,20.80754436236688,0.0
Evaluation,70.0,0.42604967510470715,1.0,14.649162239927756,0.1,5.0,0.1,5.0,10.0,19.649162239927755,24.649162239927755,0.0
Evaluation,140.0,-0.4565261854770847,1.0,7.364762642442042,0.1,4.751972262397226,10.0,1.0,0.1,12.116734904839268,13.116734904839268,0.0
Evaluation,140.0,0.5085158097578206,1.0,5.137508449285096,0.1,1.0,10.0,1.0,0.1,6.137508449285096,7.137508449285096,0.0
Evaluation,139.94393560719038,-1.0,0.28932282920479807,22.086638639336375,3.316037822140596,5.0,6.453138033028791,1.389947755043659,0.1,27.086638639336375,28.476586394380035,0.0
Evaluation,140.0,0.49762310989189995,0.0,24.37250741525043,10.0,1.396629646040088,0.1,4.806719691640129,10.0,25.769137061290515,30.575856752930644,0.0
Evaluation,140.0,-0.47812519579105284,0.0,12.65729345155278,0.1,1.0,0.7688519936496216,1.3374183955819612,0.1,13.65729345155278,14.994711847134742,0.0
Evaluation,70.0,-0.4809110914406546,1.0,1.1339156000706054,0.1,1.0,0.1,5.0,0.1,2.1339156000706057,7.133915600070606,0.0
Evaluation,140.0,0.5167566959572503,1.0,9.395888008112554,0.1,5.0,0.1,1.0,10.0,14.395888008112554,15.395888008112554,0.0
Evaluation,70.0,0.36519033346315144,1.0,12.660227827232868,10.0,5.0,9.990451730107935,4.930431606008591,0.1,17.660227827232866,22.590659433241456,0.0
Evaluation,140.0,-0.3438062649195588,0.0,27.099726558380564,10.0,1.0,10.0,5.0,0.1,28.099726558380564,33.09972655838057,0.0
Evaluation,140.0,-0.4285165255044294,0.0,2.647027473836417,0.1,1.0,10.0,1.0,0.1,3.647027473836417,4.647027473836417,0.0
Evaluation,140.0,0.13947233757472932,0.0,30.479058269863287,10.0,4.644833403818241,10.0,1.9851313864623,0.1,35.12389167368153,37.10902306014383,0.0
Evaluation,136.4532360100692,-0.5183160875946723,0.9823525643196322,9.032509772575763,0.1,5.0,0.17021719608356478,1.1905038749637318,10.0,14.032509772575763,15.223013647539494,0.0
Evaluation,140.0,-1.0,0.0,31.870427397733067,0.1,4.085308749962194,10.0,1.0,9.969586485500491,35.95573614769526,36.95573614769526,0.0
Evaluation,70.0,0.49771560375880686,0.9243263671776157,7.642543152403846,10.0,5.0,10.0,4.976623798065052,0.1,12.642543152403846,17.619166950468898,0.0
Evaluation,140.0,-0.1821338386862542,0.0,18.53577384030026,0.1,1.0,0.1,1.0,0.1,19.53577384030026,20.53577384030026,0.0
Evaluation,140.0,0.644437114503339,0.0,1.7775166005433447,0.1,1.0,0.1,5.0,0.1,2.7775166005433447,7.777516600543345,0.0
Evaluation,127.1619084008116,-0.21784199775810542,0.9759161249787413,31.053034381179536,5.395781845121524,1.0,10.0,2.242935262392428,0.1,32.053034381179536,34.295969643571965,0.0
Evaluation,140.0,-1.0,0.006445304803859226,26.192228102630832,0.1,1.0,0.1,5.0,10.0,27.192228102630832,32.192228102630835,0.0
Evaluation,123.8012910650375,0.5834898320258777,0.021143888598665537,16.052993274354133,10.0,1.0,10.0,5.0,10.0,17.052993274354133,22.052993274354133,0.0
Evaluation,70.0,-1.0,0.0,6.135226970833381,10.0,5.0,0.1,5.0,0.1,11.135226970833381,16.13522697083338,0.0
Evaluation,71.71580195313516,0.4685856604062828,0.9139909561987335,21.476991991132714,0.1,1.075250497419203,10.0,5.0,0.885051841085968,22.552242488551915,27.552242488551915,0.0
Evaluation,70.0,0.6829759414439727,0.0,3.385772502481628,10.0,1.0,10.0,1.0,10.0,4.385772502481628,5.385772502481628,0.0
Evaluation,70.0,-0.5729705223335072,1.0,32.49241482018674,10.0,5.0,10.0,1.0,0.6688345819356253,37.49241482018674,38.49241482018674,0.0
Evaluation,138.5161933559772,-0.5307630722673145,0.9057377990179275,16.24196803937054,10.0,5.0,0.1,1.0,0.1,21.24196803937054,22.24196803937054,0.0
Evaluation,77.73228564602115,-1.0,1.0,19.576741076494258,0.5502603203276577,1.7214841667329508,8.546243957034417,1.0,0.1,21.298225243227208,22.298225243227208,0.0
Evaluation,70.0,-1.0,1.0,0.1,0.1,5.0,10.0,1.0,10.0,5.1,6.1,3.529999999999947
Evaluation,140.0,0.23072794264011698,1.0,0.8981564501581139,0.1,5.0,10.0,1.0,10.0,5.898156450158114,6.898156450158114,0.0
Evaluation,70.0,-0.576935096921688,0.0,10.459952846975407,9.3603093663303,1.0,0.1,4.906496946094192,0.1,11.459952846975407,16.3664497930696,0.0
Evaluation,70.0,-1.0,0.0,18.364822980100698,10.0,5.0,0.1,1.1986559195847584,0.47577414978205324,23.364822980100698,24.563478899685457,0.0
Evaluation,140.0,-0.4485018785394266,0.0,32.53509851913937,0.1,1.0,0.1,5.0,0.1,33.53509851913937,38.53509851913937,0.0
Evaluation,140.0,-1.0,0.0,15.390656410463256,10.0,1.0,0.1,1.0,0.1,16.390656410463258,17.390656410463258,0.0
Evaluation,70.0,0.522995069096893,0.0,10.436480423658516,0.1,4.44909162148342,10.0,1.0,0.9682498935358926,14.885572045141936,15.885572045141936,0.0
Evaluation,140.0,1.0,0.0,29.47339714304108,0.1,1.0,10.0,5.0,10.0,30.47339714304108,35.47339714304108,0.0
Evaluation,70.0,1.0,0.9359578680377272,11.528847465762535,0.200456227240927,5.0,10.0,4.603264113917007,0.1,16.528847465762535,21.132111579679542,0.0
Evaluation,70.0,-0.6343578811208286,1.0,21.326494545375464,0.1,4.811990673910586,0.1,1.0,0.1,26.13848521928605,27.13848521928605,0.0
Evaluation,124.39831674843153,-1.0,0.04361484869847659,24.595893482423257,10.0,5.0,7.336153192818059,1.0,10.0,29.595893482423257,30.595893482423257,0.0
Evaluation,136.4398026171367,-0.08426188933283885,1.0,5.736101634318876,0.1,5.0,0.1,2.5595424625873964,0.1,10.736101634318876,13.295644096906273,0.0
Evaluation,70.0,0.1089150176723479,0.23236657241121572,16.819127889022056,10.0,5.0,9.462505692243242,1.0968671965699879,10.0,21.819127889022056,22.915995085592044,0.0
Evaluation,70.0,-0.21414237291398752,0.0,23.297727324221913,9.649384913407012,3.6656597703573506,1.8432842011168895,5.0,0.1,26.963387094579264,31.963387094579264,0.0
Evaluation,81.09276015554344,-0.5357754770211607,0.0,13.793864185562523,10.0,1.0,10.0,2.0028432259925495,1.5332834241723496,14.793864185562523,16.796707411555072,0.0
Evaluation,140.0,0.33018787007904793,1.0,2.672672131277143,1.1443111851454681,5.0,9.886874048935859,5.0,1.3585676368641597,7.672672131277142,12.672672131277142,0.0
Evaluation,140.0,0.5388882131122381,0.0,13.607542022964923,10.0,1.0,10.0,1.0,0.1,14.607542022964923,15.607542022964923,0.0
Evaluation,70.0,0.17907082524669127,0.14061216443346652,25.012127120626957,0.1,5.0,1.2235664125409262,5.0,0.1,30.012127120626957,35.01212712062696,0.0
Evaluation,88.80853024801584,-1.0,1.0,11.020549665947863,10.0,1.4299546841342274,0.1,5.0,0.1,12.45050435008209,17.45050435008209,0.0
Evaluation,70.0,-0.6158689230333179,1.0,24.343416671775163,0.11970297637831728,1.106897133136076,0.5030832996049313,5.0,0.17423079303180328,25.45031380491124,30.45031380491124,0.0
Evaluation,70.0,1.0,1.0,17.596858235875175,0.1,1.0,10.0,4.935925547569793,0.1,18.596858235875175,23.53278378344497,0.0
Evaluation,70.0,-0.0934329559857785,0.0,20.632934290271827,0.362462935055901,1.0,0.1,5.0,10.0,21.632934290271827,26.632934290271827,0.0
Evaluation,70.0,-0.6204791513683232,0.0,0.1,10.0,1.0,10.0,5.0,0.1,1.1,6.1,0.0
Evaluation,99.64366104680919,-0.46595446869843826,0.0,6.495528211556693,9.858649085572969,1.0,0.1,5.0,8.04023119031209,7.495528211556693,12.495528211556692,0.0
Evaluation,70.0,1.0,1.0,25.782510201700926,9.791918341498405,1.0227852504108543,10.0,4.888877919311591,10.0,26.805295452111782,31.694173371423375,0.0
Evaluation,140.0,1.0,0.0,5.243059670562782,0.1,1.0,0.1,1.0,0.1,6.243059670562782,7.243059670562782,0.0
Evaluation,70.0,0.0031775210340592164,0.0,28.058468827568525,10.0,1.0,0.1,1.0,10.0,29.058468827568525,30.058468827568525,0.0
Evaluation,84.37893569547218,0.7905183363961681,0.0,22.601082100140427,10.0,1.0,0.1,1.0,0.1,23.601082100140427,24.601082100140427,0.0
Evaluation,140.0,0.5849402060928384,0.0,6.128276223574218,0.1,1.0,1.2927487040251713,5.0,9.838477660373355,7.128276223574218,12.128276223574218,0.0
Evaluation,70.0,-0.6067973353978892,0.32737202175825997,29.18834324248274,7.990233436033294,1.0,0.1,3.309108620721822,3.308021025678578,30.18834324248274,33.49745186320456,0.0
Evaluation,140.0,-0.018719844288721088,0.026798257094519856,14.618778944908959,10.0,1.0,0.1,1.2952732515519756,0.1,15.618778944908959,16.914052196460936,0.0
Evaluation,140.0,0.5834213934237855,0.0,8.598819373073429,10.0,1.0,10.0,5.0,0.1,9.598819373073429,14.598819373073429,0.0
Evaluation,94.19302784496475,1.0,0.17594753161710144,19.929964325162782,10.0,5.0,7.294732374871646,5.0,10.0,24.929964325162782,29.929964325162782,0.0
Evaluation,70.0,-0.6377073807062094,0.0,17.94373401084124,0.1,5.0,10.0,1.179232878887946,1.5161272701430528,22.94373401084124,24.122966889729184,0.0
Evaluation,70.0,0.5162842732080613,0.0,4.250122789493181,0.1,5.0,0.1,5.0,0.1,9.250122789493181,14.250122789493181,0.0
Evaluation,70.0,0.1990408485637376,1.0,19.485387624697644,0.1,1.0,0.1,5.0,10.0,20.485387624697644,25.485387624697644,0.0
Evaluation,70.0,-0.556129647006794,0.0013736623464044883,8.1509676434524,10.0,1.0,0.1,5.0,10.0,9.1509676434524,14.1509676434524,0.0
Evaluation,70.0,-0.06887796209128405,0.0,12.192613425451295,8.27240400412645,4.79708018658118,0.1,4.69396109895448,9.943272137894642,16.989693612032475,21.683654710986957,0.0
Evaluation,120.15804421840426,1.0,0.16799721794170722,3.5155267326583983,0.1,4.3592838707893184,0.1,5.0,0.1,7.874810603447717,12.874810603447717,0.0
Evaluation,70.0,0.09463118309537788,1.0,17.950720078180083,0.1,5.0,10.0,5.0,10.0,22.950720078180083,27.950720078180083,0.0
Evaluation,70.0,-0.003299272922042573,0.0,22.365425495662397,0.1,1.0,0.1,5.0,9.257008656581867,23.365425495662397,28.365425495662397,0.0
Evaluation,140.0,-0.6321814971510367,1.0,1.9576222487672572,10.0,5.0,0.1,5.0,10.0,6.957622248767257,11.957622248767258,0.0
Evaluation,140.0,1.0,0.0,1.7253929058866166,10.0,5.0,0.1,1.0,10.0,6.725392905886617,7.725392905886617,0.0
Evaluation,70.0,-1.0,1.0,30.911830115237898,0.7458861545291163,3.600205398747834,9.529790898908418,4.385846798512398,8.430300170857024,34.51203551398573,38.897882312498126,0.0
Evaluation,123.42316167335737,-0.668783892522234,1.0,30.37557024925176,10.0,4.021318985178411,9.767175742879866,1.0,10.0,34.39688923443017,35.39688923443017,0.0
Evaluation,70.0,-1.0,1.0,32.74445279843969,9.077178654042234,3.7621836926062318,10.0,1.0,0.1,36.50663649104592,37.50663649104592,0.0
Evaluation,70.0,-1.0,1.0,31.914836961944232,10.0,4.272560030703019,10.0,1.0,2.752790543032967,36.18739699264725,37.18739699264725,0.0
Evaluation,140.0,-0.5184444270913314,0.0,32.20031955712188,0.1,5.0,3.5745228011992864,1.0,0.1,37.20031955712188,38.20031955712188,0.0
Evaluation,70.0,-0.03525337459262279,0.0,30.934365413363132,10.0,5.0,0.1,1.0,10.0,35.93436541336313,36.93436541336313,0.0
Evaluation,70.0,1.0,1.0,24.133528290430128,10.0,1.0,9.882989097489794,1.0,0.1,25.133528290430128,26.133528290430128,0.0
Evaluation,140.0,-0.6078599181628492,0.0,11.683442039330084,10.0,5.0,10.0,5.0,10.0,16.68344203933008,21.68344203933008,0.0
Evaluation,70.0,0.6341865789277359,1.0,25.21151938892242,0.1,1.0,10.0,1.0,10.0,26.21151938892242,27.21151938892242,0.0
Evaluation,70.0,-0.3301139000301747,1.0,27.76797439149601,0.1,1.0,10.0,5.0,0.1,28.76797439149601,33.76797439149601,0.0
Evaluation,84.29247143407316,-0.038537777363474635,1.0,26.67546419067827,0.1,1.6686040800619593,0.1,1.0,10.0,28.34406827074023,29.34406827074023,0.0
Evaluation,70.0,-1.0,0.0,22.973587343751817,10.0,5.0,10.0,5.0,8.82246683181237,27.973587343751817,32.97358734375182,0.0
Evaluation,70.0,0.6179523732554815,1.0,11.606598945978112,10.0,4.803524476671781,10.0,5.0,10.0,16.410123422649892,21.410123422649892,0.0
Evaluation,70.0,0.8566570669199693,1.0,29.644607141782217,0.1,1.0,10.0,5.0,0.1,30.644607141782217,35.64460714178222,0.0
Evaluation,140.0,0.02297839329290241,1.0,7.324070792873969,10.0,1.0,8.480265959176332,5.0,10.0,8.324070792873968,13.324070792873968,0.0
Evaluation,70.0,-0.3770056230625397,0.0,3.434506487934352,10.0,5.0,10.0,5.0,10.0,8.434506487934351,13.434506487934351,0.0
Evaluation,140.0,-0.16468033621894096,1.0,28.893751965803773,0.1,5.0,0.1,5.0,10.0,33.89375196580377,38.89375196580377,0.0
Evaluation,70.0,0.509887604026886,0.9920647252107685,23.669549318009068,0.1,5.0,0.1,1.0,3.145120927530166,28.669549318009068,29.669549318009068,0.0
Evaluation,132.0199257032538,0.35051859528244567,1.0,30.175011015647787,1.3560232531268113,1.0,0.1,1.1168347158625784,10.0,31.175011015647787,32.291845731510364,0.0
Evaluation,70.0,1.0,0.9038054838654134,27.325835888706283,10.0,4.590016880011463,10.0,1.0,10.0,31.91585276871775,32.91585276871775,0.0
Evaluation,140.0,-0.0024156577769247622,1.0,10.541455080968898,10.0,4.079545100273094,0.1,1.0,9.994207255704087,14.621000181241993,15.621000181241993,0.0
Evaluation,140.0,-0.5237369080325733,1.0,32.66207133982494,0.1,5.0,10.0,1.9206258197485535,9.11144591949468,37.66207133982494,39.58269715957349,0.0
Evaluation,140.0,-0.5709455002091425,1.0,15.522941055335611,10.0,1.0,10.0,5.0,10.0,16.52294105533561,21.52294105533561,0.0
Evaluation,126.44141754196468,-0.6617559414329097,0.0,23.602130707296187,10.0,4.833842015069004,10.0,2.2752031382239637,10.0,28.43597272236519,30.711175860589154,0.0
Evaluation,140.0,-1.0,0.0,12.590507405479451,10.0,1.0,0.1,5.0,10.0,13.590507405479451,18.59050740547945,0.0
Evaluation,140.0,0.7154820018496524,0.0,0.611633411129945,3.850611141438209,5.0,0.1,1.0,0.1,5.611633411129945,6.611633411129945,0.0
Evaluation,140.0,0.5184995371541239,1.0,15.321516637845855,9.86424409441591,5.0,10.0,1.0,0.1,20.321516637845853,21.321516637845853,0.0
Evaluation,136.99005872205117,1.0,1.0,16.08534224198413,8.018298990766946,1.0,9.906176877215836,3.496083388944787,0.1,17.08534224198413,20.581425630928916,0.0
Evaluation,140.0,-0.5555363822600927,0.0,4.934290751112502,0.1,4.928549104037412,0.1,1.0,0.1,9.862839855149915,10.862839855149915,0.0
Evaluation,128.3927592563458,-0.340942079622507,0.0,25.031188891871526,0.6181114933191236,1.0,6.852668069285642,1.0,10.0,26.031188891871526,27.031188891871526,0.0
Evaluation,70.0,0.7096726511668643,0.0,6.980292108853139,10.0,1.053506163638948,0.1,1.0,10.0,8.033798272492087,9.033798272492087,0.0
Evaluation,70.0,-0.7462376306076045,0.0,16.975144249044867,0.1,1.0,0.1,1.0,10.0,17.975144249044867,18.975144249044867,0.0
Evaluation,70.0,-1.0,0.0,4.2031228706142985,10.0,4.7788995874255695,0.1,5.0,10.0,8.982022458039868,13.982022458039868,0.0
Evaluation,140.0,-0.710729193603939,1.0,26.838626960924255,0.1,1.0,0.1,1.0,10.0,27.838626960924255,28.838626960924255,0.0
Evaluation,70.0,0.061769867562513125,1.0,8.971415502108707,10.0,1.0,10.0,5.0,10.0,9.971415502108707,14.971415502108707,0.0
Evaluation,70.0,-0.7663056871409252,1.0,0.7226520554095245,0.1,5.0,10.0,1.0,10.0,5.722652055409524,6.722652055409524,0.0
Evaluation,140.0,0.6775063884633759,0.5145739513018324,19.672829209690686,0.1,1.0,1.0062813578363232,1.0,9.222420815293612,20.672829209690686,21.672829209690686,0.0
Evaluation,81.65643557408161,-0.534054596740223,0.0,21.976509436252318,10.0,1.7708057875448997,10.0,5.0,9.6099376352574,23.747315223797216,28.747315223797216,0.0
Evaluation,140.0,-1.0,0.0,27.83959006290983,0.1,1.0,0.1,5.0,0.1,28.83959006290983,33.839590062909835,0.0
Evaluation,81.73604661769845,0.05259033776587785,1.0,30.765455987419433,0.1,1.227678093435192,8.68371470054046,4.652067459083867,0.1,31.993134080854624,36.64520153993849,0.0
Evaluation,70.0,-0.14008044669891584,0.0,0.6817551319810857,10.0,5.0,0.1,2.1280036380619363,0.1,5.6817551319810855,7.809758770043022,0.0
Evaluation,129.70705889576922,0.6161287300384983,1.0,18.17366463961337,10.0,1.0,0.1,4.035052027953225,9.552384662226014,19.17366463961337,23.208716667566595,0.0
Evaluation,70.0,0.6091098040536478,1.0,16.682607450707174,0.1,1.0,0.1,1.0,0.1,17.682607450707174,18.682607450707174,0.0
Evaluation,140.0,1.0,0.004708167008066899,9.903696551365776,0.1,1.009817942551876,0.1,1.0,10.0,10.913514493917653,11.913514493917653,0.0
Evaluation,140.0,-0.6362112116730759,1.0,9.76496760933691,10.0,1.0,10.0,1.0,10.0,10.76496760933691,11.76496760933691,0.0
Evaluation,90.77397281185137,-0.0773613496159955,0.0,12.991694941216146,10.0,1.0,10.0,5.0,0.1,13.991694941216146,18.991694941216146,0.0
Evaluation,140.0,0.7093530274931918,1.0,20.912999788324527,10.0,5.0,1.8372174647975723,5.0,10.0,25.912999788324527,30.912999788324527,0.0
Invalid,74.62292166380598,-0.40364453619573093,1.0,31.57357203751532,10.0,5.0,0.1,5.0,9.920884953527237,36.57357203751532,41.57357203751532,N/A (Invalid Actual Drop Time)
Evaluation,70.0,-0.9958781456817566,1.0,29.70044774219756,0.1,3.458660884961148,10.0,4.294552912110456,9.378239188420949,33.15910862715871,37.45366153926916,0.0
Evaluation,70.0,-0.9498173665608242,1.0,32.086065407972974,0.1,3.4054285647576275,8.469289636368353,2.7438940987743794,9.103303824439005,35.4914939727306,38.23538807150498,0.0
Evaluation,128.26368990023175,-0.20697849953593228,0.6477516835547724,29.522370944044663,7.7002578961817525,4.507680269507909,10.0,4.228330327907759,3.9651790632509325,34.030051213552575,38.25838154146034,0.0
Evaluation,73.96001678759785,-0.4609424449454067,0.1340129703820495,30.56456939034434,0.1,3.09498721307256,0.35443895482257504,4.448467359079787,10.0,33.6595566034169,38.10802396249669,0.0
Evaluation,140.0,-0.9999840048996811,1.0,32.55673457349686,0.1,4.143200819386374,0.1,2.128015897165106,9.9999158410528,36.69993539288323,38.82795129004834,0.0
Evaluation,72.24878038484717,-0.9750241723307979,1.0,31.400768951516437,0.4321806945794423,4.23311090363312,10.0,3.6208054204620623,9.382419534554662,35.63387985514956,39.25468527561162,0.0
Evaluation,70.0,-1.0,1.0,31.398341553933424,0.1,3.4870524423413936,10.0,3.594053273016322,10.0,34.885393996274814,38.479447269291136,0.0
Evaluation,70.0,-1.0,1.0,32.06259756692554,0.1,4.2761386994206685,10.0,2.886450474024381,0.1,36.33873626634621,39.22518674037059,0.0
Evaluation,82.23274062457655,0.24705552797186603,0.6656365874053864,31.881527076487824,1.821979739341557,3.5922659187847588,0.1,1.0,8.22433745208712,35.47379299527258,36.47379299527258,0.0
Evaluation,98.38619332564564,-0.19027579789807014,0.5016240459013943,28.282949964918743,1.2408602125273598,4.333259266071126,2.6299088373623714,5.0,9.53859723743321,32.61620923098987,37.61620923098987,0.0
Evaluation,70.0,-1.0,1.0,29.486326001006468,10.0,4.218637305272873,10.0,4.907761885558861,10.0,33.70496330627934,38.6127251918382,0.0
Evaluation,70.0,-0.832520499062516,1.0,31.770447802292797,0.1,1.0,10.0,4.222587147801369,9.701728792663527,32.77044780229279,36.99303495009416,0.0
Evaluation,70.0,-1.0,1.0,31.01937974971036,0.1,4.05194118495581,9.99914119100011,3.2704813476069012,10.0,35.07132093466617,38.34180228227307,0.0
Evaluation,70.0,-0.6384184733518166,0.8729198229637347,30.48985272563965,0.1,3.8651647499067385,8.590674561869776,4.05330704975336,7.460215310343452,34.35501747554639,38.40832452529975,0.0
Evaluation,140.0,-1.0,0.15005762238608752,7.821513529603786,6.196322655910378,2.7934899054200297,1.5418109024713413,3.1554621004425827,9.329744237713793,10.615003435023816,13.770465535466398,0.0
Evaluation,84.24935239461641,-0.18327438514901873,0.5669183304156171,0.1,2.070867820604138,2.892320950114982,0.7295646146973966,1.0,6.135942911933071,2.992320950114982,3.992320950114982,0.0
Evaluation,140.0,1.0,0.9312454523925225,14.705380046467905,0.1,3.351153421330614,10.0,3.1292997014916573,0.1,18.05653346779852,21.185833169290177,0.0
Evaluation,140.0,-1.0,1.0,31.906080709680122,0.1,4.856160269488173,10.0,1.929660435373815,10.0,36.7622409791683,38.69190141454211,0.0
Evaluation,140.0,-1.0,0.0,0.1,0.1,3.0178054917925543,9.491572443535564,5.0,10.0,3.1178054917925544,8.117805491792554,2.114999999999977
Evaluation,70.0,-0.8093971038716824,0.7620782614220234,14.031943193323771,9.42168398199263,2.988013456217855,0.1,1.0,0.8699302270915917,17.019956649541626,18.019956649541626,0.0
Evaluation,121.660027836295,0.14975627294062854,0.7983607746182801,23.49014564469957,10.0,2.9931115037140574,10.0,1.0,6.215332075110656,26.483257148413628,27.483257148413628,0.0
Evaluation,140.0,1.0,0.0,0.1,0.1,1.0,10.0,2.726460292140361,0.5528293067951965,1.1,3.826460292140361,2.779999999999963
Evaluation,72.21675084626085,-0.9122945216002414,1.0,32.305236467834725,0.1,3.6739998094551733,9.60754382070199,3.3280590143096136,10.0,35.9792362772899,39.307295291599516,0.0
Evaluation,100.53767720314806,-0.7021631568231148,0.865594557811139,6.293547839440401,7.0710385223766545,1.0,2.31032896736883,3.004458632654801,1.172815275024267,7.293547839440401,10.298006472095203,0.0
Evaluation,96.4937164441596,0.28838228571932145,0.20479782623787376,0.1,0.1893832554302265,5.0,0.5593212148776974,3.7503763011993754,0.6089222177081063,5.1,8.850376301199375,2.2249999999999748
Evaluation,95.38078113361037,0.8607420398629069,0.6138265940460939,3.118443573233511,7.924439219309957,5.0,1.5623294951467048,3.0652260241921123,9.329212738028344,8.118443573233511,11.183669597425624,0.0
Evaluation,70.0,-0.9591467001573131,1.0,29.71714005804294,10.0,2.4451375191546387,9.570818845193168,1.5834232687711334,0.1,32.16227757719758,33.74570084596871,0.0
Evaluation,140.0,0.6661019340811511,0.05650080168212758,13.052237108565059,0.1,5.0,0.1,2.6704142859330826,8.317658752756438,18.05223710856506,20.722651394498143,0.0
Evaluation,72.81837116187735,-1.0,1.0,27.526653048912255,0.1,2.5673563561210626,10.0,2.498821564623899,10.0,30.09400940503332,32.592830969657214,0.0
Evaluation,140.0,-0.10828367445264431,0.20917751755046038,16.413668036426593,10.0,5.0,1.987684903252438,3.2796299556114596,3.845292701217638,21.413668036426593,24.69329799203805,0.0
Evaluation,139.1483988360241,-0.9674882020491326,0.0059942144801691365,9.528506515330335,10.0,5.0,0.1,3.098181606775037,9.82079542379677,14.528506515330335,17.62668812210537,0.0
Evaluation,139.76230999063614,1.0,0.7625476873704518,8.876496960024447,1.0826903907456022,1.0,8.669077728240971,2.883352770270701,7.982917133571204,9.876496960024447,12.759849730295148,0.0
Evaluation,70.0,0.13097171979537614,0.582902127814988,8.133565892107242,0.1,3.0173646758630963,8.772172894035322,5.0,10.0,11.150930567970338,16.150930567970338,0.0
Evaluation,80.88044358138427,-0.14011043851056515,0.10647301923440365,3.2034254161229403,5.392218651812051,3.4971778531122775,9.035758229496626,1.0,9.277602362018193,6.700603269235218,7.700603269235218,0.0
Evaluation,110.89455943588766,-0.9907054815142464,0.9573596845449406,32.3552331563535,4.284328349603516,4.190622685522809,3.2437078564989132,1.0,8.135495297805207,36.54585584187631,37.54585584187631,0.0
Evaluation,82.630538854073,0.29452962380625336,0.0,17.405937502640782,0.1,3.164953210359568,9.51230969945797,5.0,10.0,20.57089071300035,25.57089071300035,0.0
Evaluation,94.17566391670064,0.06842829340950196,0.8701695825686977,29.746017644781396,1.1061820599030567,2.7859846921549627,0.8499219086982662,3.9435707170960788,7.581492662658975,32.53200233693636,36.47557305403244,0.0
Evaluation,136.37658841475482,-1.0,0.0,14.383973450592071,9.563046099676345,2.9674635576263295,10.0,5.0,0.8993252193399306,17.3514370082184,22.3514370082184,0.0
Evaluation,140.0,1.0,1.0,12.097316484075103,0.1,1.0,10.0,3.6522753688735623,10.0,13.097316484075103,16.749591852948665,0.0
Evaluation,70.0,-1.0,1.0,21.72470750376859,10.0,1.0,0.1,3.9527351719261388,0.1,22.72470750376859,26.67744267569473,0.0
Evaluation,122.7427554145672,0.6055140994279342,0.1690211928280725,28.688381451121547,0.93268878113359,5.0,3.8443214654816544,4.424382667711642,8.360236386957869,33.68838145112154,38.112764118833184,0.0
Evaluation,107.30514126129742,-0.28654712002326777,0.739864435812353,32.3534723196045,0.1,3.662517371534853,3.297043489647608,2.459436551191481,7.832035314672644,36.01598969113935,38.47542624233083,0.0
Evaluation,73.8526540703091,1.0,0.062079726329783425,7.2528801522907775,0.1,1.0,3.4403513415103055,2.0032966183683816,7.470308242940383,8.252880152290778,10.25617677065916,0.0
Evaluation,140.0,-0.9243168901908441,0.815495289619366,5.8737659626218415,6.687875672648257,5.0,3.088932326776075,3.7054211186295123,9.925970728634711,10.873765962621842,14.579187081251355,0.0
Evaluation,136.4042284837515,1.0,0.41166962642312116,8.6369308973491,9.06638052001669,1.0,10.0,3.9442015931201557,8.087816275915966,9.6369308973491,13.581132490469255,0.0
Evaluation,70.0,0.9302102865319113,0.0,18.18315320937235,9.63453884692021,1.0,10.0,2.3465850442508023,9.663669243189757,19.18315320937235,21.52973825362315,0.0
Evaluation,71.95716384306527,0.9692696680952451,0.004875636858422368,22.932963004922357,9.702660856087212,5.0,0.13161940950151488,3.628729246774973,0.1,27.932963004922357,31.56169225169733,0.0
Evaluation,121.6207208963159,-0.7983615224617518,0.008973644193470612,17.16018447442347,9.208731389594554,2.840879118378675,7.634806318843308,1.0,3.311429332037691,20.001063592802147,21.001063592802147,0.0
Evaluation,71.83788282232442,-0.527842920484582,0.0,25.38937582244282,10.0,1.0,8.009756282010871,1.9384560743017074,3.6432378725005843,26.38937582244282,28.327831896744527,0.0
Evaluation,70.0,0.8906411119800135,0.964211652895121,6.04973738639966,0.1,3.334114167481662,1.0051021791704466,1.0,8.254809648233067,9.383851553881321,10.383851553881321,0.0
Evaluation,70.37048731124278,-1.0,1.0,28.942509913931197,9.595457588348742,4.475208346833448,0.1,1.0,10.0,33.417718260764644,34.417718260764644,0.0
Evaluation,71.86605825400045,-0.613802238891039,0.9780990037573245,14.658455935971567,0.1,5.0,0.1,4.053271217456408,10.0,19.658455935971567,23.711727153427976,0.0
Evaluation,140.0,-1.0,0.0,11.220340969211973,1.7028022303004549,3.2978721901943713,0.1,5.0,1.899089666428623,14.518213159406343,19.518213159406343,0.0
Evaluation,70.0,-1.0,0.9194417378247886,28.65862263334183,1.6101296893863308,2.348631804481372,10.0,4.209158719604573,10.0,31.007254437823203,35.21641315742777,0.0
Evaluation,137.48107680824634,-0.9476786432131208,0.9526621060533893,0.1,10.0,1.0,9.501248039425855,4.048970283525517,10.0,1.1,5.148970283525516,0.0
Evaluation,70.0,-0.06409051240364505,0.9241458743340178,4.156371579204886,7.6209137910738765,1.0,10.0,3.722887873836449,0.1,5.156371579204886,8.879259453041335,0.0
Evaluation,129.710411544789,-0.7822602545134518,0.5655168688771052,15.248223702418853,0.31057464484277597,5.0,8.003832531501413,2.1448680201484622,9.882770329963616,20.248223702418855,22.393091722567316,0.0
Evaluation,70.0,1.0,0.0,5.765512501850961,3.5682361070455557,2.2041873647462165,0.1,5.0,0.7306458807386828,7.969699866597177,12.969699866597178,0.0
Evaluation,70.0,-0.7231175286676284,1.0,25.51974981363125,10.0,3.5067755335247064,10.0,5.0,8.517157659268145,29.026525347155957,34.02652534715595,0.0
Evaluation,76.74340583100245,0.32510284203910067,1.0,0.1,8.449653832567167,3.946940725408541,8.447151788278719,2.3277903773036424,0.1,4.0469407254085406,6.3747311027121825,0.0
Evaluation,134.08808158833352,0.14916641306516998,0.8843060508143742,2.440883346578276,0.1242728166742504,5.0,1.187729824422237,4.1066371703807505,5.53376091906626,7.440883346578277,11.547520516959027,0.0
Evaluation,103.86305202257475,0.2490998415934833,0.5848868420932036,1.613543669050518,2.8214181141859433,1.0,7.0814527295064025,1.982064277660097,8.071947360948556,2.613543669050518,4.595607946710615,0.0
Evaluation,113.52640630348397,-1.0,1.0,9.244934501184439,9.735454607716674,2.293325308219522,10.0,1.0,1.1324346461651857,11.53825980940396,12.53825980940396,0.0
Evaluation,79.80510043899659,0.5606395086332383,0.020520821929202727,8.507557960768546,9.708731111320642,5.0,10.0,2.2579995977276814,1.0328131154315883,13.507557960768546,15.765557558496226,0.0
Evaluation,84.24036727874805,0.9762267456930025,0.9128372075688393,23.80471961065368,3.6889348182484736,1.0,4.7838572052814445,3.5756341336877613,0.8390222188192991,24.80471961065368,28.38035374434144,0.0
Evaluation,70.81411105794798,-0.5822832442965626,0.41911906724311043,2.4979711075345947,5.8896101831639545,2.9531784173196183,0.27864227256351626,5.0,5.892136613448222,5.451149524854213,10.451149524854213,0.0
Evaluation,90.22690032385414,-0.32841476429573435,1.0,30.97298247036849,5.58510455819353,2.9443871244655098,7.1223292814311865,4.210073177121036,5.091629261331022,33.917369594834,38.12744277195503,0.0
Evaluation,80.86138946749027,1.0,0.0,19.868704440081718,9.027968097913368,3.10309230816584,2.4891411409904394,5.0,0.1,22.97179674824756,27.97179674824756,0.0
Evaluation,70.0,-0.9540243481242188,1.0,17.422958411576,0.1,2.931165456423904,10.0,3.072045557471876,8.914737143012555,20.354123867999906,23.426169425471784,0.0
Evaluation,110.78252458155076,0.189558193377658,0.45875975409470093,9.938384718392012,1.5396903078600646,1.0,9.203278649180149,1.8925808551589338,9.477053836961767,10.938384718392012,12.830965573550946,0.0
Evaluation,70.0,-1.0,0.0,11.838946736475389,10.0,5.0,0.1,3.534009412941741,0.1,16.83894673647539,20.37295614941713,0.0
Evaluation,70.0,-1.0,0.0,27.547342223075336,0.7232091325987366,3.459932400151926,9.876296222729279,1.0,9.551919478688678,31.00727462322726,32.00727462322726,0.0
Evaluation,110.19123464654848,0.28614994545073036,0.0,7.16570582145333,4.622852299074819,3.9629334262214626,6.999250909819186,5.0,7.807540042278276,11.128639247674792,16.12863924767479,0.0
Evaluation,98.97605824615763,-0.39558935116290894,0.08917581579914194,13.083985635630865,5.926871166167953,3.9444348709271884,9.924771190439943,1.0,1.248835920909806,17.028420506558053,18.028420506558053,0.0
Evaluation,70.0,-1.0,0.9959411166825473,29.463735668312452,0.1,4.831439333970392,10.0,4.584135238957426,10.0,34.295175002282846,38.879310241240276,0.0
Evaluation,70.0,-1.0,0.0,27.86295339367545,0.1,5.0,10.0,3.7733016101338546,10.0,32.862953393675454,36.63625500380931,0.0
Evaluation,76.04792347002837,-0.8926161544655405,0.10878358982205946,28.340065003698946,8.967288594407306,1.0,10.0,1.0,8.414264217713663,29.340065003698946,30.340065003698946,0.0
Evaluation,113.69904853949589,-0.911663626504912,1.0,6.470365538155585,10.0,1.0,0.1,4.070483584698886,0.1,7.470365538155585,11.540849122854471,0.0
Evaluation,79.10041308912594,-0.6606086301270873,0.5546943462215111,29.590148966872704,4.141516733859726,4.047767935388027,5.121609354650688,4.553697780915877,5.49805432886443,33.63791690226073,38.1916146831766,0.0
Evaluation,140.0,-1.0,1.0,27.830343118625823,10.0,5.0,0.1,5.0,10.0,32.83034311862582,37.83034311862582,0.0
Evaluation,72.02035833554098,-0.6227161605855291,0.28790328028806517,30.56522444601697,2.414879092072911,2.408872757114149,0.1,4.278782074807678,10.0,32.974097203131116,37.252879277938796,0.0
Evaluation,70.0,0.926393484021713,0.7220045089265139,20.482467626079124,0.1,1.0,10.0,2.0117771146518275,10.0,21.482467626079124,23.494244740730952,0.0
Evaluation,109.32872311356729,-0.22689619186491716,0.531131187208846,30.119040621632,5.062583261690025,4.672409594563017,3.3757722421242957,1.0,7.91415871199087,34.79145021619502,35.79145021619502,0.0
Evaluation,140.0,-0.7685118226053632,0.0,26.803252074394827,0.7092916460587174,5.0,10.0,1.781872869388409,0.1,31.803252074394827,33.585124943783235,0.0
Evaluation,126.17633330780421,1.0,0.3909065576434825,11.651194834835271,10.0,5.0,7.926207302775934,1.8685885300587401,0.1,16.651194834835273,18.519783364894014,0.0
Evaluation,139.3550556169132,1.0,0.057767493744167564,14.05971275490927,10.0,1.0,10.0,4.1005460746407465,5.964866685637048,15.05971275490927,19.160258829550017,0.0
Evaluation,131.912080525257,0.6981856955975716,0.016027911865689973,27.55654429515346,9.361954253704022,3.576467234264299,0.39016865460820727,5.0,0.1,31.13301152941776,36.13301152941776,0.0
Evaluation,140.0,0.9294351653336863,0.0,31.45225034085595,0.1,2.4663065771517245,10.0,1.0,0.1,33.918556918007674,34.918556918007674,0.0
Evaluation,130.1373598256256,0.7547586784619438,1.0,2.9951537126197705,0.1,5.0,10.0,2.120817929139357,0.7231540322089023,7.9951537126197705,10.115971641759128,0.0
Evaluation,70.0,1.0,0.0,8.513271620913788,9.82062849794905,3.5607221455676017,10.0,1.0,9.916467005807839,12.07399376648139,13.07399376648139,0.0
Evaluation,127.66958847625416,-0.7653252901930415,0.023511528345824758,16.885828655773302,10.0,5.0,0.8400272955028392,4.173395024443906,10.0,21.885828655773302,26.059223680217208,0.0
Evaluation,127.6553262418785,1.0,0.760567496528853,9.71548878806697,6.481812387904737,3.0194726289660876,9.344699621382805,3.5597106382718793,7.913482282527335,12.734961417033059,16.29467205530494,0.0
Evaluation,112.77824080670574,-0.04375508196107625,0.4985518674855194,28.739602204540077,9.878699681036112,4.5590123404509715,0.1,3.7637497169969985,5.330536798235983,33.29861454499105,37.062364261988044,0.0
Evaluation,139.21290816313754,1.0,1.0,13.136734706861292,0.1,2.104117184196867,0.1800626938898783,5.0,9.962582882942307,15.24085189105816,20.24085189105816,0.0
Evaluation,140.0,-0.12386116259742952,0.9721039941141141,18.786166495059586,3.9978429380214724,5.0,5.074877122463882,2.443714296704829,9.646919242858523,23.786166495059586,26.229880791764415,0.0
Evaluation,110.23077740497044,-0.6885487668957385,0.9089177403531167,32.743260502195554,6.963776855310862,3.9053918794194886,6.491657205864528,2.424930396968003,4.6595043099212345,36.648652381615044,39.073582778583045,0.0
Evaluation,140.0,-1.0,1.0,32.629560942808396,10.0,4.1265553575621565,10.0,2.984018249395323,0.1,36.75611630037055,39.74013454976587,0.0
Evaluation,70.0,-1.0,0.14450544780002128,29.562549355477035,10.0,1.0,10.0,2.449269472931557,0.1,30.562549355477035,33.01181882840859,0.0
Evaluation,72.13872106155866,-0.9540202522160192,1.0,16.088657221284585,2.332139217003672,3.0196990298258597,0.1,5.0,10.0,19.108356251110443,24.108356251110443,0.0
Evaluation,125.3957448746276,0.29172876421862304,0.0,5.590769600711998,7.176360859011932,2.9085919747296956,8.43025186711898,2.9349968981733934,10.0,8.499361575441693,11.434358473615086,0.0
Evaluation,135.384338781495,-0.8385852902748813,0.0,8.164494242490894,9.426623528698228,5.0,0.26913638380632154,3.998711013565353,0.6957100576458733,13.164494242490894,17.163205256056248,0.0
Evaluation,74.24824809409375,0.7246730885846269,0.07229279380183563,5.98345864558749,6.626361573134419,5.0,10.0,1.7344348904713618,10.0,10.98345864558749,12.717893536058853,0.0
Evaluation,138.6414127893152,-1.0,1.0,0.1,0.3286952014640111,1.0,9.904447141857515,1.7137332924115924,0.1,1.1,2.8137332924115928,0.0
Evaluation,78.1423593226198,-1.0,0.7817729879044664,23.992547868144925,4.370595034172578,2.606797337093668,3.3040125734475065,5.0,5.351881083346458,26.599345205238592,31.599345205238592,0.0
Evaluation,139.26226335906182,-1.0,0.001315736086193727,21.095169371416887,0.1,5.0,10.0,4.109628735311016,0.7404931037031717,26.095169371416887,30.204798106727903,0.0
Evaluation,133.93602099624786,-1.0,0.7616221177020089,1.6681895649309184,0.1,3.0284654878397697,9.147531960962183,1.7400831424065628,9.841773078617491,4.696655052770688,6.43673819517725,0.0
Evaluation,70.0,-1.0,0.9618574264369604,21.738837068731776,4.662545479974393,2.9236262800917427,2.6437176778766807,1.0,10.0,24.66246334882352,25.66246334882352,0.0
Evaluation,121.82862894158467,-0.8172890902963432,0.0,13.035299573043634,0.1,2.005014130356872,9.975267407839429,1.0,7.533787233147543,15.040313703400507,16.040313703400507,0.0
Evaluation,140.0,-0.26585586676094164,0.5937106595785819,1.0996207082951222,8.960661702648093,5.0,9.38691435832819,2.9603141572152842,10.0,6.099620708295122,9.059934865510407,0.0
Evaluation,105.10325652994729,0.10017192147702003,0.13130305440681872,25.34353818328306,10.0,3.2073110408164887,1.407783692774053,1.0,0.1,28.550849224099547,29.550849224099547,0.0
Evaluation,70.0,-1.0,1.0,30.35934746701931,0.1,4.40719141267695,10.0,4.317651199179714,0.1,34.76653887969626,39.08419007887598,0.0
Evaluation,90.68775322451769,-0.4449719462100953,0.85169260533645,32.506338672051925,8.805652075279562,2.5008459624174293,9.193414426467989,3.198089507892134,3.250838956464223,35.007184634469354,38.20527414236149,0.0
Evaluation,134.0914753384605,-0.5059910295192365,1.0,12.985505534735351,9.283018748929832,3.019811586731631,0.1,3.082062986177972,2.0475058422768395,16.00531712146698,19.087380107644954,0.0
Evaluation,70.0,0.9933131753304929,0.004765791740510755,3.581710375958334,0.1,1.0,0.11035546939993847,5.0,9.955545836415336,4.581710375958334,9.581710375958334,0.23000000000000012
Evaluation,70.0,-1.0,0.006988112250957988,15.8376587786029,9.680783290138178,3.8223626880716544,10.0,1.0,10.0,19.660021466674554,20.660021466674554,0.0
Evaluation,133.79677683432243,-1.0,0.9519863424505313,29.56957338135403,10.0,2.108422940769511,10.0,4.575241623809853,0.1,31.67799632212354,36.25323794593339,0.0
Evaluation,70.0,1.0,0.9221015188342968,23.50926976227808,0.1,3.0023155784644677,0.1,3.095928480931891,0.49759103200031096,26.51158534074255,29.60751382167444,0.0
Evaluation,140.0,-1.0,0.0,16.372677116304754,0.9483421499504967,1.0,10.0,1.897653718658722,8.812759714064251,17.372677116304754,19.270330834963474,0.0
Evaluation,140.0,-0.3735589784664284,0.14866018521450314,3.397822892977469,7.543862888671771,3.246508992929608,10.0,3.1207113198777874,9.32464029452194,6.644331885907077,9.765043205784863,0.0
Evaluation,140.0,-0.9017602153746331,0.2723889484536084,19.97773083170016,1.293286729959589,1.0,7.844556048404402,3.794388764927735,10.0,20.97773083170016,24.772119596627896,0.0
Evaluation,70.0,-0.9241718598292187,0.006750229984605969,2.322178494991581,0.7086463894618222,1.0,10.0,4.276118370087946,9.002393735913266,3.322178494991581,7.5982968650795275,0.0
Evaluation,140.0,-1.0,0.0,32.16074797435509,0.1,1.0,10.0,4.5978272460254175,9.930877451002953,33.16074797435509,37.75857522038051,0.0
Evaluation,113.75530339666398,0.22339486851915447,0.941802434793483,5.469408295457253,7.360499315444486,1.0,8.094483244032268,2.1556275147102193,0.37376224676173664,6.469408295457253,8.625035810167471,0.0
Evaluation,133.8885378024905,0.9862881351824506,0.8828149462178876,16.94299222671892,10.0,5.0,6.0382430220754,2.392165626849107,6.918172564656291,21.94299222671892,24.335157853568028,0.0
Evaluation,84.75570721075485,0.05932558285063805,0.8216633048545895,23.676731798532373,3.2226199543929828,1.0,0.3224009276912214,1.6909692993935728,7.092835257938811,24.676731798532373,26.367701097925945,0.0
Evaluation,135.05521753229516,1.0,0.9895220678497939,28.66057486126873,9.771696118321234,2.390954290067678,0.35494973909205985,1.0,0.1,31.05152915133641,32.05152915133641,0.0
Evaluation,138.99684902339175,-1.0,0.37456780352936336,18.75006328009408,1.3567102221181708,2.9823171135901756,0.1,1.0,6.727212973363156,21.732380393684252,22.732380393684252,0.0
Evaluation,73.33876791819348,1.0,1.0,13.577198243237987,0.7799052749885919,5.0,3.610414655943224,1.7707419180813746,7.743169659835358,18.577198243237987,20.34794016131936,0.0
Evaluation,72.9451359609783,1.0,0.06860614748592125,27.524478237467296,9.301659149102667,1.0,9.306844952784092,1.7453167444668165,0.1748310064988244,28.524478237467296,30.269794981934112,0.0
Evaluation,140.0,1.0,1.0,0.1,0.1,1.0,0.1,1.0,10.0,1.1,2.1,0.0
Evaluation,92.81473094768491,-1.0,0.01003623724597168,24.533065740866167,0.9897312766795361,5.0,10.0,4.100648158451116,9.325103922298727,29.533065740866167,33.633713899317286,0.0
Evaluation,70.0,-1.0,0.9475247966077485,21.46401632649552,0.1,3.534575252875353,0.6148326018716207,5.0,9.749202923111845,24.998591579370874,29.998591579370874,0.0
Evaluation,71.81572910313292,-0.6447381347348218,0.0,15.865765432057279,8.552806114240044,1.0,2.7768657405653854,4.287697827595601,1.2574672180309752,16.86576543205728,21.15346325965288,0.0
Evaluation,140.0,0.9328592701498635,1.0,32.449672180977416,0.1,4.739560945769146,0.1,1.6168166247750317,10.0,37.18923312674656,38.80604975152159,0.0
Evaluation,140.0,-1.0,0.29284101533263085,6.499740434567315,3.1439716356296423,2.193585493321776,9.474835634719787,1.0,2.1254579955315003,8.693325927889092,9.693325927889092,0.0
Evaluation,132.8097479216814,1.0,0.2044389452823412,28.746610729951477,10.0,2.414289016535042,9.161000216889198,2.781027788538081,1.255054438942074,31.16089974648652,33.941927535024604,0.0
Evaluation,126.78847765054113,1.0,0.5073996914857776,24.556543657042575,10.0,1.0,10.0,2.646596478113327,10.0,25.556543657042575,28.203140135155902,0.0
Evaluation,129.145218216966,-0.9767361994567917,0.644449797239835,30.0107192234483,4.293370373428309,4.4238543412135325,7.581299396465902,4.310521372377455,8.476300791080533,34.43457356466183,38.74509493703928,0.0
Evaluation,129.8603203002344,0.23718896611628093,0.77977212881814,10.097688733664034,5.063163614557284,5.0,0.674651782664409,2.196552758011669,7.32362428182526,15.097688733664034,17.294241491675702,0.0
Evaluation,125.01061445303493,0.9193754372902823,1.0,4.170643622938427,9.950970347356682,5.0,4.365648090261085,3.786787916429783,10.0,9.170643622938428,12.957431539368212,0.0
Evaluation,70.0,-1.0,0.9190692716617754,7.078438595150447,9.933586696211595,5.0,0.1,2.7324442193628027,9.86317606801588,12.078438595150448,14.810882814513251,0.0
Evaluation,140.0,-0.8037600885458464,0.8307357818857041,13.232561372863174,2.873858009841202,5.0,10.0,3.8058929354058,2.8502122645016907,18.232561372863174,22.038454308268975,0.0
Evaluation,70.0,0.4419766370669411,0.8561665442198922,31.916290743579804,5.021383721917366,1.0,2.8930246886862667,2.87129628044105,2.113985640189961,32.91629074357981,35.78758702402086,0.0
Evaluation,89.16897898516356,0.6068453316948907,0.6052797748882106,9.82067054362947,8.382934133827083,5.0,3.8567638529525174,4.189810763148946,10.0,14.82067054362947,19.010481306778416,0.0
Evaluation,70.0,1.0,0.0,0.8263056295450858,0.1,5.0,0.1,4.337089485214735,0.1,5.826305629545086,10.16339511475982,2.8849999999999607
Evaluation,70.0,-0.318540330195076,0.3467275806510736,18.234511326679783,2.8213063942976904,5.0,7.143214516715202,3.5066799822283707,0.1,23.234511326679783,26.741191308908153,0.0
Evaluation,70.0,-1.0,1.0,32.61944893268135,0.1,3.470613824219455,10.0,3.0669032318398783,0.1,36.09006275690081,39.15696598874069,0.0
Evaluation,136.19279504260743,-0.35926791379096945,0.0,18.73722117413302,7.145273141757727,1.0,6.70766957449173,3.183841209657398,7.006299181952682,19.73722117413302,22.921062383790417,0.0
Evaluation,105.50828987705913,1.0,0.8382696899270385,2.003517180336277,2.3291435374734313,1.0,1.6797507702657797,2.755079825859552,0.8656002378961359,3.003517180336277,5.75859700619583,0.0
Evaluation,79.36208141541601,0.856700192673794,0.8275777630251959,20.298938379979404,10.0,5.0,1.3023001225410573,2.0968427901051685,0.1,25.298938379979404,27.39578117008457,0.0
Invalid,70.0,-0.2774510327325843,0.8386057764128957,32.54187700624082,2.0818475638391813,5.0,0.4373053420247006,2.412919570072405,2.8973368680284186,37.54187700624082,39.95479657631322,N/A (Invalid Actual Drop Time)
Evaluation,140.0,0.4609624582754368,0.011856927561578311,31.55291509107123,5.626859363449205,3.632510085458976,0.1,1.0,5.361599248136043,35.18542517653021,36.18542517653021,0.0
Evaluation,70.0,0.7811989794982164,0.10186609153458627,30.483580718085427,2.7452192173476404,3.7880056316395216,0.1,1.0,9.794938299761617,34.27158634972495,35.27158634972495,0.0
Evaluation,70.0,0.990683382447864,0.0,30.12008472919201,10.0,5.0,0.5600055797050043,1.0,10.0,35.12008472919201,36.12008472919201,0.0
Evaluation,86.41912819557803,0.9856985663286641,0.7280130527996193,32.040698868249855,1.5664253239674522,3.090584378256654,3.304976211949673,1.0,5.3680989436924875,35.13128324650651,36.13128324650651,0.0
Evaluation,140.0,0.746986728092512,0.829338307261591,31.980831472195852,2.241739614672024,4.432470711223322,0.24792845065201313,1.0,9.569149921805776,36.41330218341918,37.41330218341918,0.0
Evaluation,87.9838968401811,-0.6089866134089953,0.19178827165603393,32.58846070202128,7.870864681351825,3.3747474316180073,6.414125975400047,3.815127342851187,0.6794057634047135,35.963208133639284,39.77833547649047,0.0
Evaluation,70.0,-0.9669840986207846,0.5749938924156688,30.629349766310327,2.9790232970841988,4.747932781500953,3.344751502605474,1.0,4.4028186927670125,35.37728254781128,36.37728254781128,0.0
Evaluation,70.0,-1.0,0.017184230377863156,27.52306712093621,9.775405173518687,5.0,0.1,1.0,9.957655790741939,32.52306712093621,33.52306712093621,0.0
Evaluation,70.0,-0.42529021183815563,0.07166763810942746,9.407518253293059,8.353342424658557,2.874188534525201,0.1,1.0,3.1781044028274765,12.28170678781826,13.28170678781826,0.0
Evaluation,70.0,1.0,1.0,12.811568293861525,10.0,1.0,0.1,1.0,10.0,13.811568293861525,14.811568293861525,0.0
Evaluation,140.0,-0.6794888783523858,0.6338272705521971,28.81795412773178,2.2488673699187562,5.0,0.1,1.0,7.971664635596607,33.81795412773178,34.81795412773178,0.0
Evaluation,140.0,-0.4478054392545203,0.5059809806689872,26.125565953884035,9.575194685605952,2.9563658958160874,10.0,1.0,4.255875852826628,29.081931849700123,30.081931849700123,0.0
Evaluation,140.0,0.627880538763983,0.471136487611486,15.55993161477207,6.11005952109686,3.0098796110883455,0.1,1.0,4.608191725538531,18.569811225860416,19.569811225860416,0.0
Evaluation,140.0,1.0,0.9005192268625025,0.1,9.19059920814604,3.157724084070767,0.1,5.0,1.710727404479449,3.2577240840707673,8.257724084070768,0.0
Evaluation,140.0,-0.6545621467530471,0.8489466049313897,23.57829414701333,7.3288670764419654,5.0,0.1,5.0,0.6772746379104756,28.57829414701333,33.57829414701333,0.0
Evaluation,140.0,-0.07815107095315255,0.7551270852258845,32.37793860753797,4.769973855374695,3.985507137085154,3.0827471285698222,1.0,5.853254366540111,36.36344574462312,37.36344574462312,0.0
Evaluation,140.0,-0.9929877233365718,1.0,2.6922202512399815,9.923042590726704,2.93732568176347,0.1,1.0,9.211269598058658,5.629545933003452,6.629545933003452,0.0
Evaluation,70.0,-0.8261435587671287,0.47850574786555355,27.71070929698755,7.821356490892865,3.3873915699175847,0.1,1.0,10.0,31.098100866905135,32.098100866905135,0.0
Evaluation,70.0,0.20227539507508197,0.9298028485729273,1.684682730581008,7.790396628408624,2.9322220260939402,10.0,5.0,1.7938486688953954,4.616904756674948,9.616904756674948,0.0
Evaluation,70.0,0.8340177908022619,0.8482909912763851,17.91262566659408,9.948688452079736,2.959824439111843,0.1,1.0,0.633714083231155,20.872450105705923,21.872450105705923,0.0
Evaluation,140.0,-0.8286128194029192,0.5074573484719406,5.160605543664539,6.138198764267333,2.9227226443512846,0.1,5.0,9.081718544937141,8.083328188015823,13.083328188015823,0.0
Evaluation,96.8841503286312,-0.6904768455717423,0.7804722066967019,31.3639378744272,4.05754397877433,3.4431599403085276,0.1,1.0,8.029637140261123,34.80709781473573,35.80709781473573,0.0
Evaluation,101.0707079945485,-0.4595307338403568,0.6871886614843591,32.2973375959963,4.732509460439787,3.875024260502161,10.0,2.6092960729139927,6.450778690286803,36.172361856498455,38.78165792941245,0.0
Evaluation,140.0,-1.0,0.0,23.273409161807706,8.615044598218784,3.4907807670450395,0.1,1.0,2.2971200164074257,26.764189928852744,27.764189928852744,0.0
Evaluation,70.0,0.48526217173589936,0.46287009818651786,13.540475379897032,5.418037020432322,2.8270112678196733,10.0,5.0,5.875603016009776,16.367486647716706,21.367486647716706,0.0
Evaluation,109.80689551031725,0.546727674453287,0.5264061761428153,32.356177520759594,0.1,3.367472047608591,6.077424700192178,2.9364257850439404,10.0,35.72364956836819,38.660075353412125,0.0
Evaluation,140.0,1.0,0.0,17.45679876645263,1.369786641075566,3.144632680027176,0.1,5.0,0.9842855207728797,20.601431446479804,25.601431446479804,0.0
Evaluation,140.0,-0.9494458718233347,0.07260433438870124,9.125124335759129,4.285988413772428,5.0,10.0,5.0,8.712655155677993,14.125124335759129,19.12512433575913,0.0
Evaluation,70.0,-0.9073411505032716,0.5057623498398083,6.211276998616001,6.096925493930144,2.3957318192587618,10.0,1.0,8.371327277883898,8.607008817874764,9.607008817874764,0.0
Evaluation,70.0,-0.2223276587217723,0.3838753273097184,21.536779008383505,4.876786721856259,5.0,10.0,1.0,4.383690496260587,26.536779008383505,27.536779008383505,0.0
Evaluation,70.0,0.5914358314427239,0.24068733434310158,10.39550953890221,3.0987630467299767,3.424711268742275,0.1,5.0,6.355917679542182,13.820220807644485,18.820220807644485,0.0
Evaluation,140.0,0.6299746009224776,0.4277811246729285,20.26835208550195,8.377104553627506,2.265622178939907,0.1,5.0,8.296303027132655,22.533974264441856,27.533974264441856,0.0
Evaluation,140.0,-0.40927336167630846,0.7528134783641343,31.32703517909819,6.844020138263854,1.0,0.1,5.0,5.6789733148423025,32.32703517909819,37.32703517909819,0.0
Evaluation,80.6578283634822,0.8960604972195558,0.49919731489846014,30.647791968261764,7.326448085489506,3.1359103574557943,0.2167397242694007,2.6415917553690567,5.440466062008863,33.783702325717556,36.42529408108661,0.0
Evaluation,140.0,0.5094176745172292,0.04170363639139422,22.678118158588365,2.994812733636566,3.410684821735492,10.0,5.0,8.838218239818397,26.088802980323855,31.088802980323855,0.0
Evaluation,70.0,-0.9396901668703387,0.4835331457207418,13.94853578386043,4.677876666741288,1.6552478442604608,0.1,5.0,3.3674729900813407,15.60378362812089,20.60378362812089,0.0
Evaluation,70.0,0.9361331389637428,0.0,11.87061911274253,0.16133575015813162,3.1721444522425064,0.1,1.0,9.65628344693053,15.042763564985036,16.042763564985037,0.0
Evaluation,70.0,0.8477738345321109,0.0,30.638349204216855,0.2658902624648528,5.0,10.0,1.0,9.49948899353872,35.63834920421685,36.63834920421685,0.0
Evaluation,137.4325300172771,0.9364074270811995,0.9745350077169568,27.74922008727487,0.2244648842342676,1.1779742315333908,0.21053978245097396,1.0,0.1,28.92719431880826,29.92719431880826,0.0
Evaluation,113.11685493270514,-0.16227317192874935,0.1216228491276442,30.13914375751849,0.38126663876727873,1.0,0.510233092723594,4.195416159364726,7.622414595950238,31.13914375751849,35.334559916883215,0.0
Evaluation,140.0,0.915189133573886,0.48468690098978734,31.128550554789207,1.187958412064386,3.2343098329730795,10.0,5.0,10.0,34.36286038776229,39.36286038776229,0.0
Evaluation,70.0,0.7216856391274198,0.0,0.1,0.29185358139017226,2.1298228914121156,10.0,1.0,10.0,2.2298228914121156,3.2298228914121156,2.7549999999999635
Evaluation,70.0,-0.03909800555375598,0.9436023854121982,11.739661635319314,2.726146406816092,1.0,10.0,1.0,1.865717084299294,12.739661635319314,13.739661635319314,0.0
Evaluation,140.0,-0.7318205876505665,0.21349361288044674,24.808585529404297,1.247820199068222,2.7134012169095065,10.0,5.0,1.1566067323533407,27.521986746313804,32.5219867463138,0.0
Evaluation,140.0,-0.7405141322322877,0.023487376990460607,32.20140042264898,1.5094735882701469,4.11134641796174,2.465384351332445,1.0,8.685730926405041,36.31274684061072,37.31274684061072,0.0
Evaluation,140.0,0.2827013621017844,0.1148202050576126,9.439129322647217,1.7374514350403751,2.2233085547047833,0.1,5.0,9.988626761554347,11.662437877352,16.662437877351998,0.0
Evaluation,96.2865773445286,-0.2103967652429034,0.8783104802491223,32.331751932199516,8.00228937802446,3.7846134865634196,5.27030797418801,1.0,8.989216801118719,36.11636541876294,37.11636541876294,0.0
Evaluation,140.0,0.5125848569628502,0.028170154866142747,21.660071987403956,3.0612902890603237,1.0,10.0,1.0,5.88700917004557,22.660071987403956,23.660071987403956,0.0
Evaluation,70.0,0.8029420609778473,0.8694065473727433,21.00728211329139,0.6648868563347838,3.5465581821863466,10.0,5.0,8.26457934178032,24.553840295477734,29.553840295477734,0.0
Evaluation,70.0,0.6168780918278496,0.49585798463948166,7.751331830325529,5.555547811330549,3.0794758124298567,0.1,5.0,9.34508883964477,10.830807642755385,15.830807642755385,0.0
Evaluation,140.0,-0.07107520374613352,0.7887225619701485,2.55165748842392,9.014143018470287,1.8068586591595546,10.0,5.0,7.788554732037445,4.358516147583474,9.358516147583474,0.0
Evaluation,140.0,0.849782998653946,0.819762276651806,12.070814964749603,3.1955977204052277,3.099991334504315,10.0,5.0,3.314239048615326,15.170806299253918,20.17080629925392,0.0
Evaluation,70.0,0.2404821068743801,0.010695178999084957,30.93087171166396,6.626744098121485,2.6881144033452706,0.1620014624181086,1.0,9.370887938536068,33.618986115009236,34.618986115009236,0.0
Evaluation,140.0,0.5521075559313842,0.5245861724311152,21.81084571545384,0.7647271897233572,1.0,0.1,5.0,4.643891427030735,22.81084571545384,27.81084571545384,0.0
Evaluation,140.0,-0.5746119433736638,0.5005382757976692,18.41009322807768,7.589154460981366,3.4417685243251217,10.0,5.0,9.650401626447556,21.851861752402804,26.851861752402804,0.0
Evaluation,70.0,0.20641737461211362,0.7903620551228195,24.48030803802051,6.90118360805221,3.4979840202330132,10.0,1.0,4.080397792554509,27.978292058253523,28.978292058253523,0.0
Evaluation,83.24581433668808,0.42925009437766226,0.3898909527062546,30.645439601106027,7.500081917311366,4.821981288453718,0.1,1.0,7.214741153198475,35.46742088955975,36.46742088955975,0.0
Evaluation,131.37992567833064,0.8970668706909346,0.3192648822595656,27.733570341983036,7.297242718866788,5.0,0.1,2.8967073608181066,4.194026185172375,32.73357034198304,35.630277702801145,0.0
Evaluation,140.0,0.009826141693051849,0.7106118010176432,5.147949634218689,4.714865820362218,5.0,10.0,1.0,0.28640897606182414,10.147949634218689,11.147949634218689,0.0
Evaluation,140.0,-0.9016445410877691,0.9794187718681959,29.719424195694977,8.45073536285225,4.074859683218939,2.0944494828577342,1.0,8.463720890100253,33.794283878913916,34.794283878913916,0.0
Evaluation,87.04677247106086,0.255752541176409,0.9207183666417253,32.01736813126706,6.227056975304962,1.9576943439701333,4.915528915348589,5.0,6.54162406932368,33.975062475237195,38.975062475237195,0.0
Evaluation,92.14748556087295,0.2864013393407976,0.399703177727119,32.24131853990464,8.770176729318331,4.395534973422853,10.0,1.0,2.3619879831731723,36.636853513327495,37.636853513327495,0.0
Evaluation,140.0,-0.6960218987983146,0.0,20.243823892347155,0.1,5.0,0.1,1.0,1.306043409941149,25.243823892347155,26.243823892347155,0.0
Evaluation,140.0,-0.2979001299260585,0.5044565419428939,9.889593867588317,7.991169318805442,5.0,10.0,1.0,9.171734065496738,14.889593867588317,15.889593867588317,0.0
Evaluation,140.0,-0.5579893313751477,0.6803379535501953,28.702815734944682,4.467147292051667,1.0,10.0,1.0,2.471748391303205,29.702815734944682,30.702815734944682,0.0
Evaluation,70.0,0.7861679639849075,0.4021089972319588,29.87254904346795,6.687125932911025,2.6098446396425543,4.5298381219919595,5.0,7.768856818012965,32.4823936831105,37.4823936831105,0.0
Evaluation,73.88596755352904,0.22230054196907711,0.04933261671949726,30.243244345762132,1.758795194429347,4.595451012058701,1.5611881678970876,1.0,7.254886354142907,34.83869535782083,35.83869535782083,0.0
Evaluation,70.0,0.7573186238051397,0.3064623892777202,6.5078039204742435,8.31904893062138,1.0,10.0,5.0,2.353905076540412,7.5078039204742435,12.507803920474243,0.0
Evaluation,140.0,0.8786809129129884,0.22002321501224406,14.938152399081151,1.2226195109673514,3.4614117065090317,0.1,5.0,1.0158036863235662,18.399564105590184,23.399564105590184,0.0
Evaluation,140.0,0.39410650846264406,0.3534251431587316,6.295725350214611,1.4611452152066888,3.318788642649709,0.1,1.0,1.5317162438086083,9.614513992864321,10.614513992864321,0.0
Evaluation,140.0,0.7696324465626148,0.8723777423304641,1.8665511833423667,0.1,2.9646685127672994,0.1,5.0,10.0,4.831219696109666,9.831219696109667,0.0
Evaluation,70.0,-1.0,0.203500213393421,0.1,0.1,2.9830954603234394,0.1,5.0,0.1,3.0830954603234395,8.08309546032344,2.7549999999999635
Evaluation,95.53302956655533,0.4089271496665836,0.6436485448969158,32.8033156043584,6.127179588559059,1.0,0.10089168533167074,3.061055970181873,7.173070054447655,33.8033156043584,36.86437157454028,0.0
Evaluation,140.0,0.2547104967692744,0.2079083283988109,26.690609764602574,3.8072420840397223,3.66811247291581,10.0,5.0,0.6940740598772928,30.358722237518382,35.35872223751838,0.0
Evaluation,70.0,0.47596890459828844,0.9904058943740182,2.0313163237019403,3.2568610919521985,3.69428538470659,0.1,1.0,8.832382679689893,5.72560170840853,6.72560170840853,0.0
Evaluation,140.0,0.906472687318219,0.017668347008347417,25.368552343354516,0.1,5.0,0.1,1.0,9.980368922078108,30.368552343354516,31.368552343354516,0.0
Evaluation,82.09029340113891,0.246504586320766,0.9446700448130267,31.905721683705213,3.4683689205790547,4.322134902518371,2.9738134040328736,1.6612785544083277,2.1573218552904563,36.22785658622358,37.88913514063191,0.0
Evaluation,138.24977400481293,0.15447988914327015,0.41357990056163757,31.614178283625215,1.4414037964718036,1.9857980742479608,4.484376638090655,2.5410417179636777,8.207803767329889,33.599976357873174,36.141018075836854,0.0
Evaluation,95.60626566809677,-0.47020252121802397,0.12712579901652843,28.620396470035345,3.161886858883901,1.0,0.4362089920984036,1.594448145178624,7.766930069134331,29.620396470035345,31.21484461521397,0.0
Evaluation,92.06508941360332,0.6980502420234431,0.7816792720274821,31.480930828813918,1.4800273828808346,3.8500989052023384,5.0163222366531794,1.0,1.7606728860522625,35.331029734016255,36.331029734016255,0.0
Evaluation,140.0,0.02221777156978133,0.7842112195387753,31.61555316219914,3.317667192911988,4.412658998252304,2.884261930690851,1.0,5.060671526498697,36.028212160451446,37.028212160451446,0.0
Evaluation,101.42101111422897,0.09329007901794073,0.9600515005319821,32.00777226573798,9.321405375418992,3.478147828186425,6.419550760200699,2.3100057171759447,2.2677336680181877,35.4859200939244,37.795925811100346,0.0
Evaluation,89.64404675504535,-0.25395253965075415,1.0,31.620739703258693,3.802318282267545,3.825353674522598,5.270942704264586,1.0,7.402096636187386,35.44609337778129,36.44609337778129,0.0
Evaluation,70.0,0.4805719147717098,0.2978141137797916,29.97739764414458,9.513382879183004,4.535817742656481,3.7003032311565853,1.0,5.124409891881088,34.513215386801065,35.513215386801065,0.0
Evaluation,140.0,-0.9675143930356005,0.20229769539874184,31.93336421737033,1.2581286322694232,4.211567454821108,2.171563822957806,1.0,7.45850289487918,36.14493167219144,37.14493167219144,0.0
Evaluation,105.82188103422027,0.7005852658042364,0.3883381547636686,32.165031430972775,7.089977810524405,3.439477768563357,6.980455654526337,3.1121216779923153,5.853572555925885,35.60450919953613,38.716630877528445,0.0
Evaluation,100.2204579452339,-0.5410090755696536,0.1575131511465881,29.92780661497509,2.4791454832797797,4.722998269996378,0.14473000560596028,1.0,3.640986665471524,34.650804884971464,35.650804884971464,0.0
Evaluation,140.0,0.4714266900665762,0.5181229055561696,32.004944086288184,0.24921579735263677,4.322090233901492,2.6811418674155796,1.0,4.409600953148952,36.327034320189675,37.327034320189675,0.0
Evaluation,140.0,0.4729719237575145,0.8250559989259953,28.801861424363683,0.3088481312611851,3.7852828595052403,3.653371208377501,5.0,6.697331244563891,32.58714428386892,37.58714428386892,0.0
Evaluation,81.50094677671696,0.6549052548163476,0.9429879214755866,31.87643502548607,1.6695894994403773,4.45318392650112,10.0,1.0,0.6495900696788198,36.32961895198719,37.32961895198719,0.0
Evaluation,79.17487183206894,0.08093580691018598,0.3450124256844843,31.659749713450253,9.584110538529238,4.177270724301852,3.2423532289778323,1.0,0.35395196674797,35.8370204377521,36.8370204377521,0.0
Evaluation,140.0,-1.0,1.0,0.1,0.1,5.0,10.0,5.0,0.1,5.1,10.1,0.0
Evaluation,116.13794943642614,-1.0,0.5275953288415139,33.850729635694435,10.0,3.2047008386813767,8.636214845785858,2.452369905725587,1.069543983731261,37.05543047437581,39.5078003801014,0.0
Evaluation,85.32016237853749,0.9834460667780651,0.9594043279964372,22.22586444064572,3.866239471921117,3.81909767077231,0.6569446873981243,3.578545673473839,2.081442820719392,26.04496211141803,29.62350778489187,0.0
Evaluation,135.30689433205146,-0.20812905403543225,0.8638334590334082,33.346866346935826,9.80041836697191,2.9556109715300938,10.0,1.7068385685172895,2.9256818070678157,36.30247731846592,38.00931588698321,0.0
Invalid,129.68084362700623,-0.710498804200598,0.5355432568465684,33.07199415561951,4.217201984739276,2.9240440369208542,9.116191349173686,3.996448486089459,3.311505448375818,35.99603819254036,39.99248667862982,N/A (Invalid Actual Drop Time)
Evaluation,117.1516263654265,-0.9771805258661614,0.831703264919301,32.63865251073889,4.585269254832288,2.6057556385767935,8.357957306524483,2.428107272604989,2.306858969204437,35.24440814931569,37.67251542192068,0.0
Evaluation,116.81584154071152,-0.3737550762349351,0.5750180489621218,29.53842995435021,3.974831258079874,4.318630836035724,4.5227449743542865,3.608669980404194,7.607098771326984,33.85706079038594,37.46573077079013,0.0
Evaluation,70.0,-0.9999993003288361,1.0,28.93545517479702,0.1,4.062710900987349,9.999995664316078,4.038084658684877,10.0,32.99816607578437,37.03625073446925,0.0
Evaluation,86.84138444497042,-0.38078498440854214,0.6612109178049457,31.062375835630903,3.0556320478903203,3.4601146573191097,7.387171005659174,3.7675072697497174,6.669073857960314,34.52249049295001,38.28999776269973,0.0
Evaluation,127.63565569314414,-0.15569445576489316,0.6806895933735982,23.92675101845043,1.1004889813317533,1.0,0.379123908852809,2.907126662801759,6.458872084918596,24.92675101845043,27.83387768125219,0.0
Evaluation,105.37402629025914,-0.5271194417500962,0.21228768501943274,32.87498497470974,6.972576801904227,3.38437636233432,2.3144285049382662,2.3987724426332777,1.0753005079757285,36.25936133704406,38.65813377967734,0.0
Evaluation,70.0,-1.0,1.0,32.135641808313764,10.0,2.4116981570495257,10.0,2.5518342521149195,0.1,34.54733996536329,37.099174217478215,0.0
Evaluation,112.9647222313155,0.19804552057451574,0.9845427185481712,30.860302787734252,3.942676044619318,3.6532774875764997,8.836430332938296,2.160525553444896,8.692487561942125,34.51358027531075,36.67410582875565,0.0
Evaluation,70.0,0.9720335885065428,0.1729333070230285,27.914616392383646,0.78060690676121,2.540127656360754,0.1,3.9205433495086908,0.7738999900616526,30.454744048744402,34.37528739825309,0.0
Evaluation,70.0,-0.840146979502949,0.9877635709443694,29.645467445131253,0.8499230672083815,3.0066511935825098,10.0,3.4759398217009827,9.571894964214135,32.65211863871376,36.12805846041474,0.0
Evaluation,131.6703087515665,0.07638544808637993,0.20438525364608473,33.64670698196139,1.9103808180806412,2.3073101415426605,9.367730469846206,1.5629890980178118,3.4492193019376742,35.954017123504045,37.517006221521854,0.0
Evaluation,70.0,0.9967112568599432,0.0006420028296136665,29.097184170672726,10.0,4.6980769046959185,9.991147537232917,5.0,0.10897544578287079,33.79526107536864,38.79526107536864,0.0
Evaluation,70.0,-1.0,0.35748355029318785,27.542704837140878,10.0,4.360582031189141,10.0,4.802971984656329,7.964977107478851,31.90328686833002,36.70625885298635,0.0
Evaluation,93.8335447485273,-0.5891579172416089,0.6868286831876517,33.44823871784201,8.247640508238046,3.12891679766911,7.268088083716784,1.9972596722437974,0.6455328203081387,36.57715551551112,38.57441518775492,0.0
Evaluation,128.19615830692248,-1.0,1.0,32.17025422647092,9.463382424425737,2.6605656900116896,2.1220339907983314,2.0076502801614877,0.1,34.830819916482604,36.83847019664409,0.0
Evaluation,120.7072627622278,-0.6728952365305751,0.49341549605901514,32.36633124055461,6.304602870707408,3.3662159516794974,2.0447515130048846,2.071493409660774,2.3139348765468095,35.73254719223411,37.80404060189488,0.0
Evaluation,112.55977638722703,-0.8423467301224826,0.5811197891561884,33.05732759834226,5.490809954634331,2.7551171444052556,3.4449794007263943,1.9744765568256182,4.106418288866227,35.812444742747516,37.78692129957314,0.0
Evaluation,102.38110988473933,0.9212801554361427,0.9406612264231662,31.76604820660521,7.6570808261130034,4.238145259742628,8.892540208109109,3.808740517764522,0.12314674324674002,36.004193466347836,39.812933984112355,0.0
Evaluation,112.33363723192576,-0.9917854154106058,0.5893068790179242,32.74080031338149,1.2192683620858757,2.6127687773578376,2.226784881448278,1.9904026531362395,2.7560798358212666,35.35356909073933,37.343971743875564,0.0
Evaluation,70.0,-0.6699430167490303,0.8297760388621046,30.53469614010974,8.446403368148303,2.7344038959375077,10.0,4.832605950903083,7.480453892052121,33.26910003604725,38.101705986950336,0.0
Evaluation,70.0,-0.4309408740752909,0.0,32.21334968792411,10.0,3.6489606541292114,3.192797671912311,3.7939255228939213,0.1,35.86231034205332,39.65623586494724,0.0
Evaluation,81.84032522311927,-0.6529889226335599,0.607355227345086,21.027771946194214,9.842903970258304,4.0028475494211815,2.1391160866297456,3.857429522365181,7.074357845040515,25.030619495615397,28.888049017980578,0.0
Evaluation,131.4866331743236,0.23655779395560428,0.8515991095712562,32.92992407193131,3.007198915127113,3.402711440762236,8.812131393241442,2.42733757138258,6.68632737381029,36.33263551269355,38.75997308407613,0.0
Evaluation,136.55233606518271,-1.0,0.9597989244426609,32.32194877321568,1.4491460559864797,5.0,10.0,1.7216411112640762,8.862856442112713,37.32194877321568,39.04358988447976,0.0
Evaluation,140.0,1.0,1.0,37.9,10.0,1.0,10.0,1.0,10.0,38.9,39.9,0.0
Evaluation,70.0,-1.0,1.0,33.96565541969732,10.0,1.1771757978237765,10.0,2.414293454305777,0.1,35.1428312175211,37.55712467182688,0.0
Evaluation,140.0,-1.0,1.0,31.43103137530987,0.1,4.132071152552021,10.0,2.071401585443369,10.0,35.56310252786189,37.63450411330526,0.0
Evaluation,140.0,-0.9997094377341389,1.0,30.33642580037499,0.11426959876296272,3.3983217464238096,10.0,5.0,0.1,33.7347475467988,38.7347475467988,0.0
Invalid,140.0,-1.0,1.0,35.51225107515117,10.0,3.081970498933877,9.546133715330326,2.6462186963505845,1.4857233546209268,38.59422157408505,41.240440270435634,N/A (Invalid Actual Drop Time)
Evaluation,115.6005118643331,-0.033135563349513286,0.8099042611639224,28.865574265832286,6.51211692108443,3.81725160582606,7.009516240532031,2.8250382902970195,1.6569789132880353,32.682825871658345,35.50786416195537,0.0
Invalid,125.05787867710285,0.8421740367786568,0.6076185432285333,32.36353608592002,0.6603398922141687,4.647274594530886,0.1,3.3484639493734076,8.035396211398167,37.0108106804509,40.35927462982431,N/A (Invalid Actual Drop Time)
Evaluation,70.0,-1.0,1.0,31.401677674337478,0.1,3.247705152612144,10.0,3.2858000917068613,10.0,34.64938282694962,37.93518291865648,0.0
Evaluation,82.98703872654607,0.19416485888665047,1.0,31.451034553654537,4.521604033610831,2.440576197954698,10.0,3.0730241775971665,4.976938759529165,33.891610751609235,36.964634929206404,0.0
Evaluation,70.0,-1.0,1.0,30.120828639463447,0.1,3.529016697311512,10.0,3.6106580086173743,10.0,33.64984533677496,37.26050334539234,0.0
Evaluation,70.0,-1.0,0.8572972351291972,30.913320795004925,0.9680365504958569,3.9923703637253,10.0,2.711247658610147,9.728809270679639,34.90569115873022,37.61693881734037,0.0
Evaluation,70.0,-1.0,0.9559526811257371,30.615962902887564,1.1304054106121288,3.8652425954471648,10.0,3.221322371393012,9.47381795740954,34.48120549833473,37.702527869727746,0.0
Evaluation,122.61601436281876,0.8836463764626734,1.0,33.066499831673156,0.1,3.096861594435364,10.0,2.4259138559756943,7.834639931765385,36.16336142610852,38.589275282084216,0.0
Evaluation,104.65716287753276,-0.4136378444026384,0.8032784231621406,32.42557009779396,1.0005195551352177,3.4620655504563804,4.7543345557933865,3.2885461712832957,1.7844638637162071,35.88763564825034,39.17618181953363,0.0
Evaluation,81.69988650284328,-0.08658236573609368,0.9104287000652449,29.05932693937679,6.872352645730369,3.263469191545075,0.8666568846485188,3.8976292024530883,3.580408295114601,32.322796130921866,36.220425333374955,0.0
Evaluation,70.0,-0.9510269549041136,0.8998825189119202,30.871924105383254,3.6251746608938933,3.5014366058143898,10.0,3.3330179836725686,10.0,34.37336071119764,37.70637869487021,0.0
Evaluation,70.0,-0.8328658089891485,1.0,31.891343129131677,0.3994577315615644,4.167038838519976,10.0,2.682705809034171,0.3166398735091017,36.058381967651655,38.74108777668582,0.0
Evaluation,79.69538238276928,0.9150307498802452,0.08084671361722047,24.987544583468875,9.118264655719825,2.0980380566431833,6.9557441532856314,3.6060099795806875,0.1,27.085582640112058,30.691592619692745,0.0
Evaluation,99.55187368078366,-0.7234729633673139,0.9162862605295508,8.666344683002615,0.7928572045533787,3.865346943755395,2.5847074254704356,2.5376219736394683,4.799311517854851,12.53169162675801,15.069313600397479,0.0
Evaluation,73.31449393247107,-0.47710436562309744,0.7302769291121273,29.303016911658172,3.181186322757279,3.6151033188616157,9.741259336318585,4.142994929648079,9.434206563992102,32.91812023051979,37.06111516016787,0.0
Evaluation,82.67897045416841,0.3559494127544578,0.12230012440269948,26.486899721695995,5.476124681595346,4.854300864248038,6.193150150360562,2.9144903032107967,5.0161137024407605,31.341200585944033,34.25569088915483,0.0
Evaluation,93.53714572530541,0.9579182182633081,0.19498989282320836,15.965318415253433,0.8492368631231277,2.1088372324744356,6.592346160820871,3.7948834198901054,6.215411126858867,18.07415564772787,21.869039067617976,0.0
Evaluation,111.93270863806839,0.23894780715513364,0.30883449724445,32.999064984950536,6.086505982158497,2.944600424256058,2.5674056946498243,2.0262598229720465,6.5078487525123965,35.943665409206595,37.96992523217864,0.0
Evaluation,87.50675435723997,-0.7113494279180987,0.5119903693372877,21.15606904707201,6.191527171496327,2.5571417191653865,8.10177574966671,3.349701768582371,1.3118174147088957,23.713210766237395,27.062912534819766,0.0
Evaluation,95.84811058438811,-0.4430989536465062,0.9781768013297135,22.61925400736407,7.579124221568262,3.3053914171435808,5.978336334755959,2.408187545306244,6.578806396691826,25.924645424507652,28.332832969813897,0.0
Evaluation,119.81563696473845,0.3222843154929964,0.22525212382395027,0.1,8.82502159153319,3.922463474221885,7.625899699884342,3.828744965955927,7.217530440477557,4.022463474221885,7.851208440177812,0.0
Evaluation,135.38135784893734,0.7809674901894725,0.9267063553708427,16.337822381329726,0.7908151623707228,2.176879370067394,6.347425898304494,2.1135695543072264,8.85920721218307,18.51470175139712,20.628271305704345,0.0
Evaluation,107.19760476541023,-0.8006796826434455,0.017906430058924772,15.678505239062012,2.6372685931162043,3.136587899042327,2.8097137566681796,3.5285119111624175,3.943565411721101,18.815093138104338,22.343605049266756,0.0
Evaluation,134.2345806775494,0.24048946115042868,0.8424520049247041,30.8103520824464,6.836497577736487,5.0,3.240588416770049,4.066448596171457,8.723840247113499,35.8103520824464,39.876800678617855,0.0
Evaluation,129.89125042822752,-0.29563352830298695,0.6486426544581421,6.666843667695137,7.764304820415615,2.9607521744213083,5.954081603902634,3.8359919824264583,4.0594864214072555,9.627595842116445,13.463587824542904,0.0
Evaluation,84.37418400055526,-0.07469206806399298,0.37359569382952834,11.784041979058143,9.087942487599719,3.067690206761274,0.6555022448685714,4.000520585376259,7.505500993760371,14.851732185819417,18.852252771195676,0.0
Evaluation,100.75751995520689,0.5977295789928647,0.4270843547048216,30.031007393434304,6.098573965311676,4.140107039341521,5.956651710903109,2.6096628723619073,6.450615266041456,34.17111443277582,36.78077730513773,0.0
Evaluation,110.59426068266173,0.052407444757629706,0.736986505061261,5.343164954443943,4.070146398959022,3.119731573952838,4.7019723973825,4.146340699851041,9.762449849714065,8.462896528396781,12.609237228247821,0.0
Evaluation,75.13715393876755,-0.23065098242988413,1.0,28.610285987430945,4.228562406059851,2.8418596662802784,8.121974518135447,1.8398035865214712,3.583616741568314,31.452145653711224,33.2919492402327,0.0
Evaluation,100.13245757550904,0.07396351715418059,0.12940450383939453,6.973877610344143,8.903276190796648,3.3367619969160365,3.5428628824346187,1.9974303215122138,9.659740718987273,10.31063960726018,12.308069928772394,0.0
Evaluation,122.74697848938581,-0.054899452814992755,0.8534054455689722,10.489743443036378,3.452665312122769,2.668464328251005,8.965519827845906,2.2457046597577044,2.485102425459382,13.158207771287383,15.403912431045088,0.0
Evaluation,124.9200361944932,-0.563583782164446,0.7728133676794694,15.67503860395401,4.669757660778519,2.919741797451803,4.787814143216884,2.4142446221878124,3.5016067121032495,18.594780401405814,21.009025023593626,0.0
Evaluation,130.2271117289913,-0.40329389567424745,0.7672878982901593,12.785192410470218,7.583059588846012,3.019660131963597,7.226913820847722,1.9268402675084038,9.148450348494572,15.804852542433816,17.73169280994222,0.0
Evaluation,70.0,-0.8037355593710713,0.9615241360580475,31.775441914045853,0.6120099764982155,4.101623621555955,10.0,2.9322749651680953,1.754468852082491,35.87706553560181,38.809340500769906,0.0
Evaluation,119.09047663294879,-0.7890242309496739,0.4636201379099593,19.64132079060078,0.4751896037463915,2.062687843302214,5.681396985514817,2.5996686442339367,7.541990693451512,21.704008633902994,24.30367727813693,0.0
Evaluation,120.85332477021328,-0.4381648158479732,0.9028837357930783,4.967928968882665,1.2025083034431985,3.0814188671849174,6.255033322061397,2.2787340276931323,9.661314471321976,8.049347836067582,10.328081863760715,0.0
Evaluation,123.84768771612946,0.5138469830198698,0.8819651816454572,1.2950952059824983,5.790910736818225,3.013853220749257,8.362555912161842,2.0463409414985847,6.919004724746559,4.308948426731756,6.35528936823034,0.0
Evaluation,103.28065706305071,0.19855379966279552,0.7706171207696215,15.965533183967425,4.1824154438851595,3.3791908842411393,8.991064135489745,2.781755608469905,1.2324495407956344,19.344724068208563,22.126479676678468,0.0
Evaluation,86.37392284084505,0.5922557122888132,0.22699884080627,10.529287976398079,0.5503744125670496,3.588453690907767,6.376814849688597,2.8478233172668146,5.747029940230025,14.117741667305847,16.965564984572662,0.0
Evaluation,101.28939378171258,0.03762502999028272,0.386963544858882,13.625208748079336,9.567969062785709,3.1908561980005627,6.595460290642622,1.2735356574634988,2.395311927773637,16.816064946079898,18.089600603543396,0.0
Evaluation,99.13580929373174,0.8968457818661892,0.6414897327085908,19.196075566962296,6.93106653231035,3.239716737679642,2.0446389724621636,1.887010244659559,0.8387231794738715,22.43579230464194,24.3228025493015,0.0
Evaluation,127.15220136402046,0.6341277998501373,0.6824643831504429,12.425462904993514,0.5526075850141746,1.9627816901089825,1.6516397724845664,3.3304226850850127,8.161407599868646,14.388244595102497,17.71866728018751,0.0
Evaluation,124.66900454504282,0.5247575523627632,0.18427897720270162,30.95351547579282,3.2550789483757177,3.2367903307901207,5.219892811369149,2.810092258275872,6.227713905907441,34.19030580658294,37.000398064858814,0.0
Evaluation,130.67050233024844,0.44686702538918954,0.273526364023605,24.24290006205863,7.425481942750447,3.201766004679199,8.678482370096898,2.713867205880974,1.7802250904350865,27.44466606673783,30.158533272618804,0.0
Evaluation,92.21134095402496,0.7602836456853084,0.2953047550954678,17.226474859684224,5.574086970347166,2.954638031245059,3.0305431649044703,4.075408313751442,5.830388974237529,20.181112890929285,24.256521204680727,0.0
Evaluation,117.04003739311219,-0.8341221524076169,0.13995714246422783,12.345748877047734,2.6107913729626047,3.001338217532919,7.049651436842921,4.28415130793547,5.1526051329547515,15.347087094580653,19.63123840251612,0.0
Evaluation,81.0750221366015,-0.8702187518148871,0.7118428524491036,29.7890603648215,10.0,5.0,9.944535219731794,4.099746420856315,1.0705189891698779,34.789060364821495,38.88880678567781,0.0
Evaluation,91.13496376556157,-0.27844344618738626,0.7612773233591589,6.554557970255368,6.556205244757927,4.2689876199442836,2.1297090131596663,3.3677245849817767,8.363690315401184,10.82354559019965,14.191270175181426,0.0
Evaluation,88.18864165512436,0.4727526753425644,0.9230898889467578,3.457500140067264,0.8525560274005072,3.4331146656891356,1.4408330518241923,3.607837935011702,0.8464855718000449,6.8906148057564,10.498452740768101,0.0
Evaluation,119.20445575888965,-0.5308586124213676,0.887179210984016,28.247534229954926,6.1743669596558926,1.0,7.978676054389097,2.9953380484307344,9.907955109227421,29.247534229954926,32.24287227838566,0.0
Evaluation,114.67477291844432,-0.20706823200626123,0.2183790627422973,2.4744720496935977,6.812457241821855,3.504278363632373,3.3707707013850317,2.6850692663095455,8.573713529381077,5.978750413325971,8.663819679635516,0.0
Evaluation,111.42550172458104,0.11687071219026346,0.3855429387283248,7.19227058392668,0.588604433481639,1.32646128871149,2.761256398769855,3.449288228282171,2.721732073329039,8.51873187263817,11.968020100920342,0.0
Evaluation,74.21425507531013,-0.6751750515780718,1.0,30.117360666302357,10.0,2.9067837103883796,10.0,4.2479089239409955,0.1,33.024144376690735,37.27205330063173,0.0
Evaluation,78.06417814893612,-0.816259084910227,0.23748932857702376,30.793324148367233,7.03683869916359,1.0,2.5945129320458715,1.9510106835085996,8.373976152867991,31.793324148367233,33.74433483187583,0.0
Evaluation,125.21166350816297,0.8337712889575561,0.20468755143553138,29.9500833053739,3.429150477675794,1.0,3.2935574104904264,4.388493062426824,4.702932143094617,30.9500833053739,35.33857636780073,0.0
Evaluation,93.75077971993176,-0.3579186334712833,0.7268755980410695,0.1,9.293107870638941,2.8087575008253487,1.6383109394841917,3.746456764942202,8.150272077295654,2.908757500825349,6.655214265767551,0.0
Evaluation,129.4706123017878,-0.44281114172459113,0.6970625975585126,11.62516036045569,5.7091654007671675,3.9411230293209565,9.67011792751319,3.322228072830611,9.02733650182347,15.566283389776647,18.88851146260726,0.0
Evaluation,122.83802159149607,-0.8576541698706888,0.9208761418545789,9.070939221728821,6.9910026889043095,3.2089113219438223,5.441778252589806,1.703101568505975,1.0252550628805048,12.279850543672644,13.98295211217862,0.0
Evaluation,70.20885961923102,-0.07391156119475306,0.3814533023871269,0.1,0.7035596081007196,2.053467448483078,2.8203576047927648,2.3498736395536954,9.157074018553399,2.1534674484830783,4.503341088036773,0.0
Evaluation,77.8589778080428,-0.10297881414638377,1.0,30.980775929508546,8.25441245707083,4.133217361925652,7.932723106320415,3.8019074293801993,2.0915057857216643,35.1139932914342,38.9159007208144,0.0
Evaluation,133.68981738730236,-0.8399686486177002,0.23909857752356214,13.788988617105336,1.696900495429649,4.111333006916508,6.85315960712658,2.1994060444182946,9.912079155271012,17.900321624021842,20.09972766844014,0.0
Evaluation,86.12368786280904,0.3783611927483168,0.43271554698957077,15.828032401025409,0.5204856359722171,4.061718372200417,4.692520704882785,3.9871390183164217,0.3792233314926228,19.889750773225828,23.87688979154225,0.0
Evaluation,82.64914016024724,-0.529422385801237,0.06690809789673181,8.017874353077971,3.5685912473379098,1.9066013549958487,9.541043963001362,2.308650756919092,9.722294733518156,9.92447570807382,12.23312646499291,0.0
Evaluation,98.86538935033983,0.07959366569291393,0.3633656734555981,15.152772469745283,2.0491809097699405,2.801030213969554,8.27154472393686,1.6372758203438809,5.850054691744798,17.953802683714837,19.591078504058718,0.0
Evaluation,80.69055405802098,0.860492130380939,0.7293846582365605,6.21394152319586,4.331148143366828,4.419788625338532,0.651687093951553,4.371621695051525,4.530422689949384,10.633730148534392,15.005351843585917,0.0
Evaluation,124.43537382369126,-0.1562785198630765,0.516957710390675,9.584593798526384,8.605310290067543,2.9286828991833103,1.8853248863552072,4.711697902228706,7.5923783769020305,12.513276697709696,17.224974599938403,0.0
Evaluation,117.24700162712415,0.45817316656269025,0.391782568401354,7.381896647051466,9.946657513891017,2.1126382107775163,3.2584482934655026,4.3872351837419155,0.8951561017237344,9.494534857828983,13.881770041570899,0.0
Evaluation,139.95309272502084,-0.36947758909647055,0.8782634883317907,1.4796388714955295,2.221642391463163,2.975855346256793,4.737593991118242,4.343897756489763,1.097115493589428,4.455494217752323,8.799391974242086,0.0
Evaluation,118.12323994437256,0.49420574188451827,0.34074579914512104,23.483087935057814,2.9910751802372904,3.297465699321764,0.569371989054567,1.6491269867262015,2.587321456500833,26.78055363437958,28.42968062110578,0.0
Evaluation,77.69380353643814,0.037527338501397,0.17815565693899402,25.582602936619327,1.5581319684672834,2.8771909964065685,7.516171299487516,1.2932801509802334,8.322886639966686,28.459793933025896,29.75307408400613,0.0
Evaluation,119.24989773173434,-0.12730678314349342,0.3446350825898138,19.56136271204916,6.613565833892552,2.3802607409272594,3.5202781158173875,1.4273995809517315,6.214076961634229,21.94162345297642,23.36902303392815,0.0
Evaluation,116.55724536248151,0.5082665069096475,0.9807227686664036,14.927689615172257,8.55017334284207,5.0,7.049914532071045,2.9619620850828747,6.3380351650476765,19.927689615172255,22.88965170025513,0.0
Evaluation,139.04729142359463,0.8992306222122575,0.05894139319855004,26.806469110055524,10.0,1.7813799100789414,1.304784432240824,2.404493090254533,0.5824602353204672,28.587849020134463,30.992342110388996,0.0
Evaluation,106.26985068019545,-0.6849380069494251,0.820973950078547,4.4482519881841265,3.124309943456701,4.139459319950407,8.023284581521638,1.9562671554968847,6.919205182770702,8.587711308134534,10.543978463631419,0.0
Evaluation,132.82827981099135,0.26347562925007173,0.9149691863208147,7.848966960798098,1.461770961866535,2.6611285223963246,2.440909158364163,1.2748341271314287,5.250474636187295,10.510095483194423,11.784929610325852,0.0
Evaluation,80.73400089313066,0.38976009488477614,0.004537161905622318,10.919592779770127,5.93310188083961,4.3765242512283615,2.9854871405340697,1.48937494064233,6.6993291999056925,15.296117030998488,16.785491971640816,0.0
Evaluation,77.25614606180258,-0.616280977937929,0.8372901984054365,4.778313499796534,7.976776331665107,1.5601831565270765,0.731093217629321,4.723975681831448,5.628887172619294,6.33849665632361,11.062472338155057,0.0
Invalid,140.0,-1.0,0.9863544019053141,33.195984389616775,0.5905713848935531,4.949425117909315,10.0,1.7671228416175462,10.0,38.14540950752609,39.91253234914364,N/A (Invalid Actual Drop Time)
Evaluation,140.0,-1.0,1.0,31.490630663280673,9.999512618256759,4.953801581774433,10.0,1.0,10.0,36.444432245055104,37.444432245055104,0.0
Evaluation,72.62277923726911,-0.8512029707155483,0.8956566101576243,32.834675524375974,8.796983299913714,2.68578359084762,10.0,1.0,0.5370690560777887,35.520459115223595,36.520459115223595,0.0
Evaluation,137.51319158470267,-0.5441695416946668,0.7267720294328269,31.51469419734797,0.5237219301955854,4.882174203950154,10.0,1.0,8.427853375779208,36.39686840129812,37.39686840129812,0.0
Evaluation,140.0,-1.0,1.0,32.14777287699623,10.0,3.721308210895416,10.0,2.3713721915210115,0.1,35.869081087891644,38.240453279412655,0.0
Evaluation,140.0,-0.6392390132849042,0.7262519074869336,32.12018160771572,10.0,3.732050149836194,10.0,2.4255983532393977,0.1,35.85223175755192,38.277830110791314,0.0
Evaluation,75.49296597307347,0.4024160971239916,0.8080657240059431,32.77415665937873,9.293265908240938,3.1269520582699077,10.0,1.3135777732379883,3.204563223016268,35.90110871764864,37.21468649088663,0.0
Evaluation,103.36907578997116,-0.5550831426569316,0.3604908162907731,32.06463550941375,7.986904414843824,3.7527566368038054,10.0,2.54339297635705,7.584448388449898,35.81739214621755,38.3607851225746,0.0
Evaluation,70.0,1.0,1.0,32.79702229256595,10.0,2.0169438450654993,0.1,1.0,0.1,34.813966137631446,35.813966137631446,0.0
Evaluation,138.33901764941152,-0.8359195406830378,0.942057117797642,32.111060479634745,8.142555070440244,3.7276301442587627,10.0,2.538833794062068,0.1,35.838690623893505,38.37752441795557,0.0
Evaluation,76.4387761782848,0.5868407657664865,0.7945671738821349,31.5810881358637,3.193593522949517,4.8607388352079,10.0,1.0,6.803373356621628,36.4418269710716,37.4418269710716,0.0
Evaluation,110.55089701012442,-0.4377878380428618,0.8039345620429572,29.485259865820424,9.577944834470669,4.9850604927919395,10.0,3.222199463783442,0.9863205752948546,34.47032035861236,37.6925198223958,0.0
Evaluation,124.62742045939476,0.027307324109233422,0.9130587989259785,32.063211231335416,9.381836663396712,3.750058842410887,10.0,2.5771899569154737,0.7322423216141603,35.8132700737463,38.39046003066178,0.0
Evaluation,77.10514881209228,0.10689992897603329,0.8156493673806179,31.574795917600994,9.188677452752973,4.843455686581438,10.0,1.0,2.1902907989886917,36.41825160418243,37.41825160418243,0.0
